Price,hs300
Ticker,510300.SS
date,
2012-06-01,2.109283924102783
2012-06-04,2.050870180130005
2012-06-05,2.050870180130005
2012-06-06,2.050070285797119
2012-06-07,2.0404677391052246
2012-06-08,2.026865005493164
2012-06-11,2.0548713207244873
2012-06-12,2.0412685871124268
2012-06-13,2.074075698852539
2012-06-14,2.0596721172332764
2012-06-15,2.0668745040893555
2012-06-18,2.0772769451141357
2012-06-19,2.0596721172332764
2012-06-20,2.056471824645996
2012-06-21,2.0252647399902344
2012-06-25,1.982854962348938
2012-06-26,1.985255241394043
2012-06-27,1.978853702545166
2012-06-28,1.962049961090088
2012-06-29,1.9900569915771484
2012-07-02,1.994057297706604
2012-07-03,1.996457576751709
2012-07-04,1.994057297706604
2012-07-05,1.9684514999389648
2012-07-06,2.002859592437744
2012-07-09,1.9580491781234741
2012-07-10,1.9508475065231323
2012-07-11,1.9660507440567017
2012-07-12,1.985255241394043
2012-07-13,1.9868555068969727
2012-07-16,1.9468467235565186
2012-07-17,1.9580491781234741
2012-07-18,1.9580491781234741
2012-07-19,1.9668508768081665
2012-07-20,1.9468467235565186
2012-07-23,1.92284095287323
2012-07-24,1.9268420934677124
2012-07-25,1.9148393869400024
2012-07-26,1.9060370922088623
2012-07-27,1.9084378480911255
2012-07-30,1.9020363092422485
2012-07-31,1.89723539352417
2012-08-01,1.9116384983062744
2012-08-02,1.89723539352417
2012-08-03,1.9084378480911255
2012-08-06,1.933242917060852
2012-08-07,1.9356437921524048
2012-08-08,1.937244176864624
2012-08-09,1.9564483165740967
2012-08-10,1.9508475065231323
2012-08-13,1.9140390157699585
2012-08-14,1.91083824634552
2012-08-15,1.893234372138977
2012-08-16,1.887632966041565
2012-08-17,1.8796310424804688
2012-08-20,1.8692288398742676
2012-08-21,1.876430630683899
2012-08-22,1.8628277778625488
2012-08-23,1.8716294765472412
2012-08-24,1.8532249927520752
2012-08-27,1.8148162364959717
2012-08-28,1.8148162364959717
2012-08-29,1.8028138875961304
2012-08-30,1.7948118448257446
2012-08-31,1.7948118448257446
2012-09-03,1.8060142993927002
2012-09-04,1.7868096828460693
2012-09-05,1.7860097885131836
2012-09-06,1.8036137819290161
2012-09-07,1.8860327005386353
2012-09-10,1.892434000968933
2012-09-11,1.8780310153961182
2012-09-12,1.887632966041565
2012-09-13,1.8692288398742676
2012-09-14,1.882031798362732
2012-09-17,1.8380218744277954
2012-09-18,1.8156166076660156
2012-09-19,1.8228181600570679
2012-09-20,1.783609390258789
2012-09-21,1.782808780670166
2012-09-24,1.7988121509552002
2012-09-25,1.7964122295379639
2012-09-26,1.777207374572754
2012-09-27,1.8284192085266113
2012-09-28,1.8708289861679077
2012-10-08,1.8428223133087158
2012-10-09,1.8852323293685913
2012-10-10,1.8852323293685913
2012-10-11,1.8724292516708374
2012-10-12,1.8708289861679077
2012-10-15,1.8644276857376099
2012-10-16,1.8652281761169434
2012-10-17,1.8724292516708374
2012-10-18,1.8956351280212402
2012-10-19,1.8956351280212402
2012-10-22,1.902836561203003
2012-10-23,1.8812315464019775
2012-10-24,1.8780310153961182
2012-10-25,1.8628277778625488
2012-10-26,1.8212180137634277
2012-10-29,1.8124158382415771
2012-10-30,1.816416621208191
2012-10-31,1.8292192220687866
2012-11-01,1.8676283359527588
2012-11-02,1.8716294765472412
2012-11-05,1.8668283224105835
2012-11-06,1.859626293182373
2012-11-07,1.858026146888733
2012-11-08,1.8244186639785767
2012-11-09,1.8196172714233398
2012-11-12,1.826019287109375
2012-11-13,1.798012137413025
2012-11-14,1.8028138875961304
2012-11-15,1.7812087535858154
2012-11-16,1.764404535293579
2012-11-19,1.764404535293579
2012-11-20,1.7596036195755005
2012-11-21,1.7812087535858154
2012-11-22,1.770806074142456
2012-11-23,1.7804083824157715
2012-11-26,1.7692055702209473
2012-11-27,1.750001311302185
2012-11-28,1.7307969331741333
2012-11-29,1.724395513534546
2012-11-30,1.7323973178863525
2012-12-03,1.7163937091827393
2012-12-04,1.729996681213379
2012-12-05,1.7908108234405518
2012-12-06,1.7884098291397095
2012-12-07,1.8244186639785767
2012-12-10,1.8412224054336548
2012-12-11,1.8356208801269531
2012-12-12,1.8396220207214355
2012-12-13,1.8252185583114624
2012-12-14,1.9172396659851074
2012-12-17,1.92284095287323
2012-12-18,1.893234372138977
2012-12-19,1.8980352878570557
2012-12-20,1.91083824634552
2012-12-21,1.902836561203003
2012-12-24,1.9044370651245117
2012-12-25,1.9572492837905884
2012-12-26,1.9628506898880005
2012-12-27,1.9588494300842285
2012-12-28,1.9876561164855957
2012-12-31,2.0196635723114014
2013-01-04,2.0244638919830322
2013-01-07,2.02766489982605
2013-01-08,2.0188632011413574
2013-01-09,2.0172622203826904
2013-01-10,2.022063970565796
2013-01-11,1.9916568994522095
2013-01-14,2.062072992324829
2013-01-15,2.074075698852539
2013-01-16,2.0588722229003906
2013-01-17,2.046069383621216
2013-01-18,2.0764763355255127
2013-01-21,2.0836782455444336
2013-01-22,2.080476760864258
2013-01-23,2.0844783782958984
2013-01-24,2.0708749294281006
2013-01-25,2.061272382736206
2013-01-28,2.1172852516174316
2013-01-29,2.1332895755767822
2013-01-30,2.145292282104492
2013-01-31,2.150893449783325
2013-02-01,2.192502498626709
2013-02-04,2.1965041160583496
2013-02-05,2.212507486343384
2013-02-06,2.2189087867736816
2013-02-07,2.2085065841674805
2013-02-08,2.215708017349243
2013-02-18,2.1829004287719727
2013-02-19,2.1476926803588867
2013-02-20,2.157294988632202
2013-02-21,2.080476760864258
2013-02-22,2.074075698852539
2013-02-25,2.0772769451141357
2013-02-26,2.046869993209839
2013-02-27,2.0660738945007324
2013-02-28,2.1356899738311768
2013-03-01,2.1332895755767822
2013-03-04,2.032466173171997
2013-03-05,2.090879201889038
2013-03-06,2.1132848262786865
2013-03-07,2.087679147720337
2013-03-08,2.0844783782958984
2013-03-11,2.0700747966766357
2013-03-12,2.0404677391052246
2013-03-13,2.0180630683898926
2013-03-14,2.022063970565796
2013-03-15,2.0236644744873047
2013-03-18,2.0020592212677
2013-03-19,2.0196635723114014
2013-03-20,2.08127760887146
2013-03-21,2.086878776550293
2013-03-22,2.092479705810547
2013-03-25,2.0892789363861084
2013-03-26,2.0548713207244873
2013-03-27,2.0596721172332764
2013-03-28,1.9956579208374023
2013-03-29,1.9900569915771484
2013-04-01,1.9868555068969727
2013-04-02,1.9900569915771484
2013-04-03,1.9860557317733765
2013-04-08,1.9764530658721924
2013-04-09,1.988455891609192
2013-04-10,1.988455891609192
2013-04-11,1.979654312133789
2013-04-12,1.973252534866333
2013-04-15,1.9532479047775269
2013-04-16,1.9652507305145264
2013-04-17,1.9700517654418945
2013-04-18,1.9740524291992188
2013-04-19,2.0300657749176025
2013-04-22,2.0236644744873047
2013-04-23,1.962049961090088
2013-04-24,1.9956579208374023
2013-04-25,1.9748529195785522
2013-04-26,1.9564483165740967
2013-05-02,1.9580491781234741
2013-05-03,1.9932570457458496
2013-05-06,2.016462802886963
2013-05-07,2.021263360977173
2013-05-08,2.034066677093506
2013-05-09,2.0236644744873047
2013-05-10,2.0316660404205322
2013-05-13,2.0236644744873047
2013-05-14,1.994057297706604
2013-05-15,2.003659248352051
2013-05-16,2.0444693565368652
2013-05-17,2.079676866531372
2013-05-20,2.0916800498962402
2013-05-21,2.0916800498962402
2013-05-22,2.0940802097320557
2013-05-23,2.0716755390167236
2013-05-24,2.0828778743743896
2013-05-27,2.0780768394470215
2013-05-28,2.121286392211914
2013-05-29,2.1140851974487305
2013-05-30,2.1084835529327393
2013-05-31,2.0844783782958984
2013-06-03,2.0884785652160645
2013-06-04,2.058072090148926
2013-06-05,2.0524706840515137
2013-06-06,2.032466173171997
2013-06-07,1.9956579208374023
2013-06-13,1.9340441226959229
2013-06-14,1.9476467370986938
2013-06-17,1.9356437921524048
2013-06-18,1.9484466314315796
2013-06-19,1.937244176864624
2013-06-20,1.876430630683899
2013-06-21,1.8676283359527588
2013-06-24,1.7532020807266235
2013-06-25,1.7540020942687988
2013-06-26,1.750001311302185
2013-06-27,1.750801682472229
2013-06-28,1.782808780670166
2013-07-01,1.790010690689087
2013-07-02,1.7956119775772095
2013-07-03,1.7916110754013062
2013-07-04,1.80441415309906
2013-07-05,1.8108153343200684
2013-07-08,1.7620038986206055
2013-07-09,1.7580031156539917
2013-07-10,1.8068145513534546
2013-07-11,1.89723539352417
2013-07-12,1.8500243425369263
2013-07-15,1.876430630683899
2013-07-16,1.887632966041565
2013-07-17,1.859626293182373
2013-07-18,1.8308199644088745
2013-07-19,1.7804083824157715
2013-07-22,1.7916110754013062
2013-07-23,1.8476238250732422
2013-07-24,1.8340208530426025
2013-07-25,1.8292192220687866
2013-07-26,1.8124158382415771
2013-07-29,1.777207374572754
2013-07-30,1.7876101732254028
2013-07-31,1.7916110754013062
2013-08-01,1.8388216495513916
2013-08-02,1.8356208801269531
2013-08-05,1.8620268106460571
2013-08-06,1.8740296363830566
2013-08-07,1.8612269163131714
2013-08-08,1.8620268106460571
2013-08-09,1.8700286149978638
2013-08-12,1.926041841506958
2013-08-13,1.926041841506958
2013-08-14,1.9220409393310547
2013-08-15,1.8996357917785645
2013-08-16,1.8860327005386353
2013-08-19,1.9020363092422485
2013-08-20,1.8884332180023193
2013-08-21,1.8884332180023193
2013-08-22,1.882031798362732
2013-08-23,1.8700286149978638
2013-08-26,1.9116384983062744
2013-08-27,1.9116384983062744
2013-08-28,1.902836561203003
2013-08-29,1.89723539352417
2013-08-30,1.8940342664718628
2013-09-02,1.8956351280212402
2013-09-03,1.9244413375854492
2013-09-04,1.923641324043274
2013-09-05,1.9156392812728882
2013-09-06,1.9268420934677124
2013-09-09,1.9980579614639282
2013-09-10,2.0244638919830322
2013-09-11,2.033266067504883
2013-09-12,2.0532710552215576
2013-09-13,2.03806734085083
2013-09-16,2.02766489982605
2013-09-17,1.9876561164855957
2013-09-18,1.9900569915771484
2013-09-23,2.0180630683898926
2013-09-24,1.9988586902618408
2013-09-25,1.9868555068969727
2013-09-26,1.9540480375289917
2013-09-27,1.9612497091293335
2013-09-30,1.9740524291992188
2013-10-08,2.0020592212677
2013-10-09,2.004459857940674
2013-10-10,1.9868555068969727
2013-10-11,2.0188632011413574
2013-10-14,2.0196635723114014
2013-10-15,2.0172622203826904
2013-10-16,1.9820547103881836
2013-10-17,1.9716523885726929
2013-10-18,1.9812548160552979
2013-10-21,2.0236644744873047
2013-10-22,2.0012590885162354
2013-10-23,1.979654312133789
2013-10-24,1.963650107383728
2013-10-25,1.9324434995651245
2013-10-28,1.934843897819519
2013-10-29,1.937244176864624
2013-10-30,1.9644503593444824
2013-10-31,1.9452463388442993
2013-11-01,1.9532479047775269
2013-11-04,1.9476467370986938
2013-11-05,1.9476467370986938
2013-11-06,1.9252413511276245
2013-11-07,1.9172396659851074
2013-11-08,1.8884332180023193
2013-11-11,1.8908333778381348
2013-11-12,1.9100379943847656
2013-11-13,1.8740296363830566
2013-11-14,1.8796310424804688
2013-11-15,1.9188404083251953
2013-11-18,1.9820547103881836
2013-11-19,1.973252534866333
2013-11-20,1.9820547103881836
2013-11-21,1.9724525213241577
2013-11-22,1.9612497091293335
2013-11-25,1.9508475065231323
2013-11-26,1.9500477313995361
2013-11-27,1.9724525213241577
2013-11-28,1.9932570457458496
2013-11-29,1.9948574304580688
2013-12-02,1.9764530658721924
2013-12-03,1.994057297706604
2013-12-04,2.0196635723114014
2013-12-05,2.0196635723114014
2013-12-06,2.0060601234436035
2013-12-09,2.0052597522735596
2013-12-10,2.004459857940674
2013-12-11,1.973252534866333
2013-12-12,1.9692517518997192
2013-12-13,1.9684514999389648
2013-12-16,1.93644380569458
2013-12-17,1.9244413375854492
2013-12-18,1.926041841506958
2013-12-19,1.907637596130371
2013-12-20,1.8668283224105835
2013-12-23,1.8668283224105835
2013-12-24,1.8692288398742676
2013-12-25,1.8788307905197144
2013-12-26,1.8532249927520752
2013-12-27,1.8780310153961182
2013-12-30,1.8796310424804688
2013-12-31,1.9012360572814941
2014-01-02,1.8948346376419067
2014-01-03,1.8740296363830566
2014-01-06,1.8292192220687866
2014-01-07,1.830019474029541
2014-01-08,1.8284192085266113
2014-01-09,1.8172167539596558
2014-01-10,1.80441415309906
2014-01-13,1.7916110754013062
2014-01-14,1.8036137819290161
2014-01-15,1.8036137819290161
2014-01-16,1.80441415309906
2014-01-17,1.7788081169128418
2014-01-20,1.7700059413909912
2014-01-21,1.7847288846969604
2014-01-22,1.8338050842285156
2014-01-23,1.8239898681640625
2014-01-24,1.8338050842285156
2014-01-27,1.810084581375122
2014-01-28,1.811720609664917
2014-01-29,1.8174458742141724
2014-01-30,1.7920901775360107
2014-02-07,1.8035411834716797
2014-02-10,1.855889081954956
2014-02-11,1.8648864030838013
2014-02-12,1.868158221244812
2014-02-13,1.8632503747940063
2014-02-14,1.8697936534881592
2014-02-17,1.8828810453414917
2014-02-18,1.8607968091964722
2014-02-19,1.8853344917297363
2014-02-20,1.8689757585525513
2014-02-21,1.8477096557617188
2014-02-24,1.8059951066970825
2014-02-25,1.7593727111816406
2014-02-26,1.761826515197754
2014-02-27,1.7577369213104248
2014-02-28,1.7757314443588257
2014-03-03,1.7822753190994263
2014-03-04,1.7781851291656494
2014-03-05,1.762644648551941
2014-03-06,1.7716420888900757
2014-03-07,1.7659165859222412
2014-03-10,1.7111151218414307
2014-03-11,1.718476414680481
2014-03-12,1.7201122045516968
2014-03-13,1.7471039295196533
2014-03-14,1.7323812246322632
2014-03-17,1.745468020439148
2014-03-18,1.7438323497772217
2014-03-19,1.733198881149292
2014-03-20,1.7029355764389038
2014-03-21,1.7659165859222412
2014-03-24,1.7740955352783203
2014-03-25,1.7716420888900757
2014-03-26,1.7716420888900757
2014-03-27,1.7593727111816406
2014-03-28,1.7585549354553223
2014-03-31,1.751193642616272
2014-04-01,1.7610089778900146
2014-04-02,1.7749136686325073
2014-04-03,1.762644648551941
2014-04-04,1.7839109897613525
2014-04-08,1.8264431953430176
2014-04-09,1.823171854019165
2014-04-10,1.8526175022125244
2014-04-11,1.8517990112304688
2014-04-14,1.8509812355041504
2014-04-15,1.818264126777649
2014-04-16,1.818264126777649
2014-04-17,1.8149927854537964
2014-04-18,1.811720609664917
2014-04-21,1.779003381729126
2014-04-22,1.791272521018982
2014-04-23,1.7863646745681763
2014-04-24,1.789636492729187
2014-04-25,1.767552375793457
2014-04-28,1.7430142164230347
2014-04-29,1.7585549354553223
2014-04-30,1.7577369213104248
2014-05-05,1.7585549354553223
2014-05-06,1.756101369857788
2014-05-07,1.74465012550354
2014-05-08,1.7413784265518188
2014-05-09,1.740560531616211
2014-05-12,1.7757314443588257
2014-05-13,1.7708240747451782
2014-05-14,1.7708240747451782
2014-05-15,1.751193642616272
2014-05-16,1.7503758668899536
2014-05-19,1.7266556024551392
2014-05-20,1.7250198125839233
2014-05-21,1.7413784265518188
2014-05-22,1.7364705801010132
2014-05-23,1.756101369857788
2014-05-26,1.761826515197754
2014-05-27,1.756101369857788
2014-05-28,1.7740955352783203
2014-05-29,1.7634625434875488
2014-05-30,1.761826515197754
2014-06-03,1.756101369857788
2014-06-04,1.740560531616211
2014-06-05,1.7610089778900146
2014-06-06,1.7462860345840454
2014-06-09,1.74465012550354
2014-06-10,1.7683699131011963
2014-06-11,1.7650984525680542
2014-06-12,1.7634625434875488
2014-06-13,1.783092975616455
2014-06-16,1.7945442199707031
2014-06-17,1.7798211574554443
2014-06-18,1.7716420888900757
2014-06-19,1.7462860345840454
2014-06-20,1.7528294324874878
2014-06-23,1.7503758668899536
2014-06-24,1.7650984525680542
2014-06-25,1.7593727111816406
2014-06-26,1.767552375793457
2014-06-27,1.7708240747451782
2014-06-30,1.7822753190994263
2014-07-01,1.783092975616455
2014-07-02,1.791272521018982
2014-07-03,1.7978157997131348
2014-07-04,1.7978157997131348
2014-07-07,1.796180009841919
2014-07-08,1.7986335754394531
2014-07-09,1.7757314443588257
2014-07-10,1.7740955352783203
2014-07-11,1.779003381729126
2014-07-14,1.8035411834716797
2014-07-15,1.8010872602462769
2014-07-16,1.8002697229385376
2014-07-17,1.7929080724716187
2014-07-18,1.801905632019043
2014-07-21,1.8010872602462769
2014-07-22,1.8223536014556885
2014-07-23,1.8256257772445679
2014-07-24,1.8648864030838013
2014-07-25,1.886152744293213
2014-07-28,1.9368643760681152
2014-07-29,1.9417721033096313
2014-07-30,1.9352284669876099
2014-07-31,1.9614025354385376
2014-08-01,1.9376825094223022
2014-08-04,1.9793965816497803
2014-08-05,1.9736714363098145
2014-08-06,1.9614025354385376
2014-08-07,1.9401359558105469
2014-08-08,1.9409539699554443
2014-08-11,1.9679455757141113
2014-08-12,1.9597662687301636
2014-08-13,1.9654920101165771
2014-08-14,1.9417721033096313
2014-08-15,1.9663100242614746
2014-08-18,1.9728530645370483
2014-08-19,1.9744893312454224
2014-08-20,1.9671276807785034
2014-08-21,1.9597662687301636
2014-08-22,1.9695814847946167
2014-08-25,1.9524048566818237
2014-08-26,1.9401359558105469
2014-08-27,1.9393181800842285
2014-08-28,1.9303209781646729
2014-08-29,1.9491331577301025
2014-09-01,1.9581303596496582
2014-09-02,1.9875761270523071
2014-09-03,2.0063886642456055
2014-09-04,2.0252015590667725
2014-09-05,2.0448315143585205
2014-09-09,2.039923906326294
2014-09-10,2.02683687210083
2014-09-11,2.0153861045837402
2014-09-12,2.0317444801330566
2014-09-15,2.0260188579559326
2014-09-16,1.9908477067947388
2014-09-17,1.9973912239074707
2014-09-18,2.005570650100708
2014-09-19,2.0219292640686035
2014-09-22,1.9793965816497803
2014-09-23,1.9998447895050049
2014-09-24,2.038288116455078
2014-09-25,2.0276551246643066
2014-09-26,2.028472900390625
2014-09-29,2.0374696254730225
2014-09-30,2.0374696254730225
2014-10-08,2.0595545768737793
2014-10-09,2.0603718757629395
2014-10-10,2.0505568981170654
2014-10-13,2.0391056537628174
2014-10-14,2.0317444801330566
2014-10-15,2.0448315143585205
2014-10-16,2.0374696254730225
2014-10-17,2.028472900390625
2014-10-20,2.0374696254730225
2014-10-21,2.024383068084717
2014-10-22,2.0137500762939453
2014-10-23,1.9916656017303467
2014-10-24,1.99003005027771
2014-10-27,1.9712176322937012
2014-10-28,2.0104777812957764
2014-10-29,2.035834312438965
2014-10-30,2.048102617263794
2014-10-31,2.0889997482299805
2014-11-03,2.0849101543426514
2014-11-04,2.0832741260528564
2014-11-05,2.0808207988739014
2014-11-06,2.0816380977630615
2014-11-07,2.0775489807128906
2014-11-10,2.1356215476989746
2014-11-11,2.1217172145843506
2014-11-12,2.1527984142303467
2014-11-13,2.1405296325683594
2014-11-14,2.1429834365844727
2014-11-17,2.133986234664917
2014-11-18,2.111083984375
2014-11-19,2.1045403480529785
2014-11-20,2.1078121662139893
2014-11-21,2.147890567779541
2014-11-24,2.209235668182373
2014-11-25,2.23213791847229
2014-11-26,2.256675958633423
2014-11-27,2.2771244049072266
2014-11-28,2.3311076164245605
2014-12-01,2.3335611820220947
2014-12-02,2.42598819732666
2014-12-03,2.4521617889404297
2014-12-04,2.6010255813598633
2014-12-05,2.585484504699707
2014-12-08,2.709810495376587
2014-12-09,2.560129404067993
2014-12-10,2.6525557041168213
2014-12-11,2.623927593231201
2014-12-12,2.6321070194244385
2014-12-15,2.662370443344116
2014-12-16,2.7245330810546875
2014-12-17,2.77115535736084
2014-12-18,2.7678840160369873
2014-12-19,2.8087801933288574
2014-12-22,2.7891502380371094
2014-12-23,2.732712984085083
2014-12-24,2.656644582748413
2014-12-25,2.7531607151031494
2014-12-26,2.8603103160858154
2014-12-29,2.846405267715454
2014-12-30,2.846405267715454
2014-12-31,2.923290729522705
2015-01-05,3.0165352821350098
2015-01-06,2.9960873126983643
2015-01-07,2.9952690601348877
2015-01-08,2.9298343658447266
2015-01-09,2.9085683822631836
2015-01-12,2.899570941925049
2015-01-13,2.893845319747925
2015-01-14,2.8873019218444824
2015-01-15,2.969095230102539
2015-01-16,2.9952690601348877
2015-01-19,2.695905923843384
2015-01-20,2.7959372997283936
2015-01-21,2.9240784645080566
2015-01-22,2.9290382862091064
2015-01-23,2.9430923461914062
2015-01-26,2.971200704574585
2015-01-27,2.941439151763916
2015-01-28,2.8943164348602295
2015-01-29,2.8637280464172363
2015-01-30,2.8281795978546143
2015-02-02,2.7645230293273926
2015-02-03,2.8298332691192627
2015-02-04,2.797590970993042
2015-02-05,2.7645230293273926
2015-02-06,2.7231874465942383
2015-02-09,2.7546021938323975
2015-02-10,2.8099920749664307
2015-02-11,2.8281795978546143
2015-02-12,2.8397531509399414
2015-02-13,2.857941150665283
2015-02-16,2.88191556930542
2015-02-17,2.907543897628784
2015-02-25,2.862901210784912
2015-02-26,2.9480526447296143
2015-02-27,2.942265748977661
2015-03-02,2.9654133319854736
2015-03-03,2.8843958377838135
2015-03-04,2.9083704948425293
2015-03-05,2.8835694789886475
2015-03-06,2.8653817176818848
2015-03-09,2.921597719192505
2015-03-10,2.9009299278259277
2015-03-11,2.9050636291503906
2015-03-12,2.9579732418060303
2015-03-13,2.9745075702667236
2015-03-16,3.0480844974517822
2015-03-17,3.086940050125122
2015-03-18,3.1687846183776855
2015-03-19,3.152250051498413
2015-03-20,3.196892738342285
2015-03-23,3.26137638092041
2015-03-24,3.2580695152282715
2015-03-25,3.2382285594940186
2015-03-26,3.240708589553833
2015-03-27,3.265509843826294
2015-03-30,3.369675874710083
2015-03-31,3.3324732780456543
2015-04-01,3.3870363235473633
2015-04-02,3.3820762634277344
2015-04-03,3.4366395473480225
2015-04-07,3.496988534927368
2015-04-08,3.525097131729126
2015-04-09,3.499469041824341
2015-04-10,3.581313371658325
2015-04-13,3.6408369541168213
2015-04-14,3.6424901485443115
2015-04-15,3.6119017601013184
2015-04-16,3.73012113571167
2015-04-17,3.794605255126953
2015-04-20,3.7119338512420654
2015-04-21,3.7904715538024902
2015-04-22,3.893810987472534
2015-04-23,3.889677047729492
2015-04-24,3.8756229877471924
2015-04-27,3.9558138847351074
2015-04-28,3.9045584201812744
2015-04-29,3.926053047180176
2015-04-30,3.9177846908569336
2015-05-04,3.939279079437256
2015-05-05,3.789644718170166
2015-05-06,3.749962091445923
2015-05-07,3.68465256690979
2015-05-08,3.741694927215576
2015-05-11,3.8648760318756104
2015-05-12,3.909518003463745
2015-05-13,3.8731424808502197
2015-05-14,3.8640480041503906
2015-05-15,3.7929511070251465
2015-05-18,3.764843225479126
2015-05-19,3.894636869430542
2015-05-20,3.912824869155884
2015-05-21,3.9930167198181152
2015-05-22,4.078993320465088
2015-05-25,4.207960605621338
2015-05-26,4.269964218139648
2015-05-27,4.269964218139648
2015-05-28,3.9806151390075684
2015-05-29,3.983095645904541
2015-06-01,4.191426753997803
2015-06-02,4.262524127960205
2015-06-03,4.226974964141846
2015-06-04,4.274923801422119
2015-06-05,4.281538009643555
2015-06-08,4.386531352996826
2015-06-09,4.350982666015625
2015-06-10,4.346848011016846
2015-06-11,4.347674369812012
2015-06-12,4.379916667938232
2015-06-15,4.274923801422119
2015-06-16,4.162491321563721
2015-06-17,4.224494934082031
2015-06-18,4.05832576751709
2015-06-19,3.8053526878356934
2015-06-23,3.940105438232422
2015-06-24,4.02691125869751
2015-06-25,3.8822357654571533
2015-06-26,3.592888116836548
2015-06-29,3.4573071002960205
2015-06-30,3.7069737911224365
2015-07-01,3.4697072505950928
2015-07-02,3.396130084991455
2015-07-03,3.239881753921509
2015-07-06,3.3275132179260254
2015-07-07,3.181185245513916
2015-07-08,2.862901210784912
2015-07-09,3.1489431858062744
2015-07-10,3.4630942344665527
2015-07-13,3.500296115875244
2015-07-14,3.4341585636138916
2015-07-15,3.26137638092041
2015-07-16,3.336606740951538
2015-07-17,3.4721877574920654
2015-07-20,3.4622676372528076
2015-07-21,3.4837615489959717
2015-07-22,3.4672272205352783
2015-07-23,3.561472177505493
2015-07-24,3.4870686531066895
2015-07-27,3.14150333404541
2015-07-28,3.1795318126678467
2015-07-29,3.2977519035339355
2015-07-30,3.1828384399414062
2015-07-31,3.1836655139923096
2015-08-03,3.184492349624634
2015-08-04,3.3109796047210693
2015-08-05,3.2374014854431152
2015-08-06,3.201853036880493
2015-08-07,3.2679898738861084
2015-08-10,3.4291985034942627
2015-08-11,3.3886897563934326
2015-08-12,3.3539679050445557
2015-08-13,3.399437189102173
2015-08-14,3.391169786453247
2015-08-17,3.3969573974609375
2015-08-18,3.1638245582580566
2015-08-19,3.236574649810791
2015-08-20,3.1539039611816406
2015-08-21,2.996828317642212
2015-08-24,2.697559356689453
2015-08-25,2.4660801887512207
2015-08-26,2.5355236530303955
2015-08-27,2.692598819732666
2015-08-28,2.812472343444824
2015-08-31,2.806684732437134
2015-09-01,2.7959372997283936
2015-09-02,2.787670612335205
2015-09-07,2.7190537452697754
2015-09-08,2.792630910873413
2015-09-09,2.8455405235290527
2015-09-10,2.7951111793518066
2015-09-11,2.8008980751037598
2015-09-14,2.702519416809082
2015-09-15,2.623155117034912
2015-09-16,2.7653491497039795
2015-09-17,2.711613178253174
2015-09-18,2.7107865810394287
2015-09-21,2.7603890895843506
2015-09-22,2.78188419342041
2015-09-23,2.717400074005127
2015-09-24,2.7405481338500977
2015-09-25,2.6810250282287598
2015-09-28,2.69673228263855
2015-09-29,2.6446492671966553
2015-09-30,2.662837028503418
2015-10-08,2.758735418319702
2015-10-09,2.7934577465057373
2015-10-12,2.9100236892700195
2015-10-13,2.8893566131591797
2015-10-14,2.857941150665283
2015-10-15,2.931518316268921
2015-10-16,2.972027540206909
2015-10-19,2.967067003250122
2015-10-20,3.005922555923462
2015-10-21,2.9158108234405518
2015-10-22,2.9530134201049805
2015-10-23,3.005095958709717
2015-10-26,3.0100560188293457
2015-10-27,3.011708974838257
2015-10-28,2.9587998390197754
2015-10-29,2.9629337787628174
2015-10-30,2.9637603759765625
2015-11-02,2.9141576290130615
2015-11-03,2.891835927963257
2015-11-04,3.0654454231262207
2015-11-05,3.1142218112945557
2015-11-06,3.1886255741119385
2015-11-09,3.221694231033325
2015-11-10,3.2126004695892334
2015-11-11,3.2084665298461914
2015-11-12,3.175398349761963
2015-11-13,3.1448099613189697
2015-11-16,3.1629977226257324
2015-11-17,3.151423692703247
2015-11-18,3.1241424083709717
2015-11-19,3.171264886856079
2015-11-20,3.1621711254119873
2015-11-23,3.146463394165039
2015-11-24,3.1489431858062744
2015-11-25,3.1679577827453613
2015-11-26,3.153076648712158
2015-11-27,2.982774257659912
2015-11-30,2.9836010932922363
2015-12-01,3.0067496299743652
2015-12-02,3.135715961456299
2015-12-03,3.1423299312591553
2015-12-04,3.0828068256378174
2015-12-07,3.0877671241760254
2015-12-08,3.0431244373321533
2015-12-09,3.047257900238037
2015-12-10,3.041471004486084
2015-12-11,3.026590585708618
2015-12-14,3.1191821098327637
2015-12-15,3.0894200801849365
2015-12-16,3.0902469158172607
2015-12-17,3.1481168270111084
2015-12-18,3.1596906185150146
2015-12-21,3.2423620223999023
2015-12-22,3.246495485305786
2015-12-23,3.2423620223999023
2015-12-24,3.2035067081451416
2015-12-25,3.220041036605835
2015-12-28,3.1233158111572266
2015-12-29,3.152250051498413
2015-12-30,3.151423692703247
2015-12-31,3.1233158111572266
2016-01-04,2.9224250316619873
2016-01-05,2.9158108234405518
2016-01-06,2.961280107498169
2016-01-07,2.8802621364593506
2016-01-08,2.8174326419830322
2016-01-11,2.672757625579834
2016-01-12,2.691771984100342
2016-01-13,2.6545703411102295
2016-01-14,2.6992127895355225
2016-01-15,2.6198482513427734
2016-01-18,2.6215016841888428
2016-01-19,2.69673228263855
2016-01-20,2.661458969116211
2016-01-21,2.585033655166626
2016-01-22,2.6102287769317627
2016-01-25,2.620306968688965
2016-01-26,2.4724948406219482
2016-01-27,2.445619821548462
2016-01-28,2.392709493637085
2016-01-29,2.4607365131378174
2016-02-01,2.4338619709014893
2016-02-02,2.4859323501586914
2016-02-03,2.474174737930298
2016-02-04,2.5069282054901123
2016-02-05,2.4775335788726807
2016-02-15,2.468295097351074
2016-02-16,2.539681911468506
2016-02-17,2.5657172203063965
2016-02-18,2.560678243637085
2016-02-19,2.553959369659424
2016-02-22,2.6068694591522217
2016-02-23,2.5867130756378174
2016-02-24,2.606029510498047
2016-02-25,2.4397408962249756
2016-02-26,2.4632568359375
2016-02-29,2.4053072929382324
2016-03-01,2.4506583213806152
2016-03-02,2.560678243637085
2016-03-03,2.5547993183135986
2016-03-04,2.5858733654022217
2016-03-07,2.606029510498047
2016-03-08,2.5967910289764404
2016-03-09,2.5581583976745605
2016-03-10,2.5237250328063965
2016-03-11,2.518685817718506
2016-03-14,2.5732758045196533
2016-03-15,2.5648772716522217
2016-03-16,2.581674098968506
2016-03-17,2.623666286468506
2016-03-18,2.660619020462036
2016-03-21,2.7194085121154785
2016-03-22,2.7009317874908447
2016-03-23,2.7059707641601562
2016-03-24,2.6639785766601562
2016-03-25,2.674896478652954
2016-03-28,2.6497013568878174
2016-03-29,2.6278653144836426
2016-03-30,2.70009183883667
2016-03-31,2.6950528621673584
2016-04-01,2.703451156616211
2016-04-05,2.7294862270355225
2016-04-06,2.724447250366211
2016-04-07,2.6908535957336426
2016-04-08,2.668177366256714
2016-04-11,2.6975717544555664
2016-04-12,2.6942124366760254
2016-04-13,2.7286465167999268
2016-04-14,2.738724708557129
2016-04-15,2.741243839263916
2016-04-18,2.7026114463806152
2016-04-19,2.7059707641601562
2016-04-20,2.6589391231536865
2016-04-21,2.6463420391082764
2016-04-22,2.6580991744995117
2016-04-25,2.6497013568878174
2016-04-26,2.664818286895752
2016-04-27,2.652221202850342
2016-04-28,2.650541067123413
2016-04-29,2.647181510925293
2016-05-03,2.6984121799468994
2016-05-04,2.688333749771118
2016-05-05,2.688333749771118
2016-05-06,2.6270253658294678
2016-05-09,2.5732758045196533
2016-05-10,2.570755958557129
2016-05-11,2.580834150314331
2016-05-12,2.5900726318359375
2016-05-13,2.580834150314331
2016-05-16,2.590912103652954
2016-05-17,2.5867130756378174
2016-05-18,2.5699164867401123
2016-05-19,2.5648772716522217
2016-05-20,2.581674098968506
2016-05-23,2.5858733654022217
2016-05-24,2.5699164867401123
2016-05-25,2.5682363510131836
2016-05-26,2.5682363510131836
2016-05-27,2.5699164867401123
2016-05-30,2.571596145629883
2016-05-31,2.661458969116211
2016-06-01,2.650541067123413
2016-06-02,2.6530609130859375
2016-06-03,2.6841349601745605
2016-06-06,2.668177366256714
2016-06-07,2.668177366256714
2016-06-08,2.664818286895752
2016-06-13,2.577474594116211
2016-06-14,2.588392496109009
2016-06-15,2.622826099395752
2016-06-16,2.6068694591522217
2016-06-17,2.6177873611450195
2016-06-20,2.6186273097991943
2016-06-21,2.612748146057129
2016-06-22,2.6287055015563965
2016-06-23,2.620306968688965
2016-06-24,2.5925920009613037
2016-06-27,2.6253459453582764
2016-06-28,2.6387834548950195
2016-06-29,2.650541067123413
2016-06-30,2.654740333557129
2016-07-01,2.652221202850342
2016-07-04,2.696732521057129
2016-07-05,2.703451156616211
2016-07-06,2.716888427734375
2016-07-07,2.720248222351074
2016-07-08,2.710169792175293
2016-07-11,2.716888427734375
2016-07-12,2.7857556343078613
2016-07-13,2.7916345596313477
2016-07-14,2.787435293197632
2016-07-15,2.790794849395752
2016-07-18,2.78071665763855
2016-07-19,2.76643967628479
2016-07-20,2.7605602741241455
2016-07-21,2.7756779193878174
2016-07-22,2.7513222694396973
2016-07-25,2.7504823207855225
2016-07-26,2.7857556343078613
2016-07-27,2.734525203704834
2016-07-28,2.742084264755249
2016-07-29,2.7328455448150635
2016-08-01,2.710169792175293
2016-08-02,2.716888427734375
2016-08-03,2.720248222351074
2016-08-04,2.7286465167999268
2016-08-05,2.7395644187927246
2016-08-08,2.762240171432495
2016-08-09,2.7748377323150635
2016-08-10,2.76643967628479
2016-08-11,2.763079881668091
2016-08-12,2.811790704727173
2016-08-15,2.894935131072998
2016-08-16,2.8865368366241455
2016-08-17,2.8798179626464844
2016-08-18,2.8756186962127686
2016-08-19,2.8722593784332275
2016-08-22,2.8521029949188232
2016-08-23,2.853782892227173
2016-08-24,2.8420250415802
2016-08-25,2.8269078731536865
2016-08-26,2.8235485553741455
2016-08-29,2.82270884513855
2016-08-30,2.8344664573669434
2016-08-31,2.846224308013916
2016-09-01,2.8159899711608887
2016-09-02,2.828587532043457
2016-09-05,2.8344664573669434
2016-09-06,2.8588218688964844
2016-09-07,2.860501289367676
2016-09-08,2.856302499771118
2016-09-09,2.8420250415802
2016-09-12,2.7857556343078613
2016-09-13,2.7857556343078613
2016-09-14,2.768958806991577
2016-09-19,2.786595582962036
2016-09-20,2.783236265182495
2016-09-21,2.794154167175293
2016-09-22,2.8126306533813477
2016-09-23,2.8059120178222656
2016-09-26,2.758881092071533
2016-09-27,2.773158311843872
2016-09-28,2.768958806991577
2016-09-29,2.7815563678741455
2016-09-30,2.789954900741577
2016-10-10,2.821868896484375
2016-10-11,2.828587532043457
2016-10-12,2.821868896484375
2016-10-13,2.821868896484375
2016-10-14,2.8302671909332275
2016-10-17,2.804231882095337
2016-10-18,2.839505910873413
2016-10-19,2.8378260135650635
2016-10-20,2.8336267471313477
2016-10-21,2.8479039669036865
2016-10-24,2.882337808609009
2016-10-25,2.874779224395752
2016-10-26,2.866380453109741
2016-10-27,2.8621816635131836
2016-10-28,2.8579819202423096
2016-10-31,2.8521029949188232
2016-11-01,2.869739532470703
2016-11-02,2.850423574447632
2016-11-03,2.8722593784332275
2016-11-04,2.8630211353302
2016-11-07,2.8655412197113037
2016-11-08,2.880657911300659
2016-11-09,2.869739532470703
2016-11-10,2.899134397506714
2016-11-11,2.9243295192718506
2016-11-14,2.9285290241241455
2016-11-15,2.9251697063446045
2016-11-16,2.926009178161621
2016-11-17,2.9327282905578613
2016-11-18,2.92264986038208
2016-11-21,2.9360876083374023
2016-11-22,2.965481758117676
2016-11-23,2.9705212116241455
2016-11-24,2.978919506072998
2016-11-25,3.0116729736328125
2016-11-28,3.0251107215881348
2016-11-29,3.04862642288208
2016-11-30,3.020911455154419
2016-12-01,3.0494658946990967
2016-12-02,3.0158722400665283
2016-12-05,2.955404043197632
2016-12-06,2.950364589691162
2016-12-07,2.9638023376464844
2016-12-08,2.9705212116241455
2016-12-09,2.9873178005218506
2016-12-12,2.908372402191162
2016-12-13,2.9041733741760254
2016-12-14,2.8840172290802
2016-12-15,2.8512630462646484
2016-12-16,2.8512630462646484
2016-12-19,2.842864990234375
2016-12-20,2.821868896484375
2016-12-21,2.852942943572998
2016-12-22,2.8479039669036865
2016-12-23,2.825228452682495
2016-12-26,2.835306406021118
2016-12-27,2.8311071395874023
2016-12-28,2.8159899711608887
2016-12-29,2.817669630050659
2016-12-30,2.8201892375946045
2017-01-03,2.8521029949188232
2017-01-04,2.87729811668396
2017-01-05,2.871419668197632
2017-01-06,2.8621816635131836
2017-01-09,2.8722593784332275
2017-01-10,2.86470103263855
2017-01-11,2.8437047004699707
2017-01-12,2.829427719116211
2017-01-13,2.8344664573669434
2017-01-16,2.8311071395874023
2017-01-17,2.835306406021118
2017-01-18,2.853782892227173
2017-01-19,2.8437047004699707
2017-01-20,2.8680596351623535
2017-01-23,2.8689138889312744
2017-01-24,2.8706209659576416
2017-01-25,2.8791568279266357
2017-01-26,2.8911075592041016
2017-02-03,2.874035596847534
2017-02-06,2.8731815814971924
2017-02-07,2.8680601119995117
2017-02-08,2.887692928314209
2017-02-09,2.897935628890991
2017-02-10,2.9133002758026123
2017-02-13,2.9286649227142334
2017-02-14,2.9320790767669678
2017-02-15,2.9218366146087646
2017-02-16,2.9346399307250977
2017-02-17,2.9175682067871094
2017-02-20,2.96536922454834
2017-02-21,2.96536922454834
2017-02-22,2.9747586250305176
2017-02-23,2.9619553089141846
2017-02-24,2.9593942165374756
2017-02-27,2.936347484588623
2017-02-28,2.94061541557312
2017-03-01,2.9440295696258545
2017-03-02,2.933786630630493
2017-03-03,2.922689914703369
2017-03-06,2.9372010231018066
2017-03-07,2.9414689540863037
2017-03-08,2.944883346557617
2017-03-09,2.918421983718872
2017-03-10,2.920982599258423
2017-03-13,2.9525656700134277
2017-03-14,2.9457366466522217
2017-03-15,2.9508583545684814
2017-03-16,2.968783378601074
2017-03-17,2.9354934692382812
2017-03-20,2.9372010231018066
2017-03-21,2.9576869010925293
2017-03-22,2.9423224925994873
2017-03-23,2.9508583545684814
2017-03-24,2.9790265560150146
2017-03-27,2.96536922454834
2017-03-28,2.961101531982422
2017-03-29,2.9551260471343994
2017-03-30,2.926957845687866
2017-03-31,2.9482979774475098
2017-04-05,2.9969518184661865
2017-04-06,2.9935379028320312
2017-04-07,2.9995129108428955
2017-04-10,2.991830825805664
2017-04-11,2.9995129108428955
2017-04-12,2.9884161949157715
2017-04-13,2.9995129108428955
2017-04-14,2.9747586250305176
2017-04-17,2.9645156860351562
2017-04-18,2.9576869010925293
2017-04-19,2.9346399307250977
2017-04-20,2.9508583545684814
2017-04-21,2.9534192085266113
2017-04-24,2.9218366146087646
2017-04-25,2.9312260150909424
2017-04-26,2.9380545616149902
2017-04-27,2.9397616386413574
2017-04-28,2.9286649227142334
2017-05-02,2.9243967533111572
2017-05-03,2.909885883331299
2017-05-04,2.898789167404175
2017-05-05,2.8800103664398193
2017-05-08,2.8552563190460205
2017-05-09,2.8578171730041504
2017-05-10,2.84757399559021
2017-05-11,2.8620851039886475
2017-05-12,2.8851318359375
2017-05-15,2.8970823287963867
2017-05-16,2.9312260150909424
2017-05-17,2.911593437194824
2017-05-18,2.898789167404175
2017-05-19,2.9039111137390137
2017-05-22,2.9064714908599854
2017-05-23,2.9192755222320557
2017-05-24,2.9192755222320557
2017-05-25,2.9815878868103027
2017-05-26,2.976466178894043
2017-05-31,2.97817325592041
2017-06-01,2.985002040863037
2017-06-02,2.9773197174072266
2017-06-05,2.9576869010925293
2017-06-06,2.98073410987854
2017-06-07,3.0217061042785645
2017-06-08,3.04304575920105
2017-06-09,3.0618247985839844
2017-06-12,3.05584979057312
2017-06-13,3.0618247985839844
2017-06-14,3.0310959815979004
2017-06-15,3.02085280418396
2017-06-16,3.015730857849121
2017-06-19,3.049874782562256
2017-06-20,3.040485143661499
2017-06-21,3.0788967609405518
2017-06-22,3.0823113918304443
2017-06-23,3.1121866703033447
2017-06-26,3.1505982875823975
2017-06-27,3.1523056030273438
2017-06-28,3.1309659481048584
2017-06-29,3.149744987487793
2017-06-30,3.144623041152954
2017-07-03,3.1309659481048584
2017-07-04,3.105358362197876
2017-07-05,3.1454765796661377
2017-07-06,3.142916202545166
2017-07-07,3.141209125518799
2017-07-10,3.144623041152954
2017-07-11,3.1702308654785156
2017-07-12,3.15145206451416
2017-07-13,3.1838879585266113
2017-07-14,3.205228328704834
2017-07-17,3.1616950035095215
2017-07-18,3.1634020805358887
2017-07-19,3.22912859916687
2017-07-20,3.244493007659912
2017-07-21,3.2282750606536865
2017-07-24,3.244493007659912
2017-07-25,3.219738721847534
2017-07-26,3.2018134593963623
2017-07-27,3.211203098297119
2017-07-28,3.2231531143188477
2017-07-31,3.2351038455963135
2017-08-01,3.260711431503296
2017-08-02,3.260711431503296
2017-08-03,3.2282750606536865
2017-08-04,3.2086424827575684
2017-08-07,3.2282750606536865
2017-08-08,3.22912859916687
2017-08-09,3.2265677452087402
2017-08-10,3.219738721847534
2017-08-11,3.158280849456787
2017-08-14,3.1975457668304443
2017-08-15,3.2060816287994385
2017-08-16,3.2009599208831787
2017-08-17,3.2257144451141357
2017-08-18,3.2274210453033447
2017-08-21,3.2410783767700195
2017-08-22,3.2462003231048584
2017-08-23,3.2547359466552734
2017-08-24,3.237663984298706
2017-08-25,3.2940011024475098
2017-08-28,3.3315587043762207
2017-08-29,3.324730634689331
2017-08-30,3.3213162422180176
2017-08-31,3.3153412342071533
2017-09-01,3.3196091651916504
2017-09-04,3.3315587043762207
2017-09-05,3.3435094356536865
2017-09-06,3.333266258239746
2017-09-07,3.3187553882598877
2017-09-08,3.3153412342071533
2017-09-11,3.320462226867676
2017-09-12,3.328998565673828
2017-09-13,3.3315587043762207
2017-09-14,3.320462226867676
2017-09-15,3.3255841732025146
2017-09-18,3.338387966156006
2017-09-19,3.3170483112335205
2017-09-20,3.3324129581451416
2017-09-21,3.333266258239746
2017-09-22,3.3238768577575684
2017-09-25,3.3102190494537354
2017-09-26,3.3119266033172607
2017-09-27,3.3144874572753906
2017-09-28,3.3196091651916504
2017-09-29,3.330705404281616
2017-10-09,3.3657031059265137
2017-10-10,3.3699705600738525
2017-10-11,3.382774591445923
2017-10-12,3.3972859382629395
2017-10-13,3.404114007949829
2017-10-16,3.3921637535095215
2017-10-17,3.3904569149017334
2017-10-18,3.410942554473877
2017-10-19,3.4015533924102783
2017-10-20,3.399846315383911
2017-10-23,3.4100892543792725
2017-10-24,3.4322824478149414
2017-10-25,3.4433796405792236
2017-10-26,3.4681339263916016
2017-10-27,3.4852051734924316
2017-10-30,3.4698407649993896
2017-10-31,3.4672796726226807
2017-11-01,3.455329656600952
2017-11-02,3.4613046646118164
2017-11-03,3.4519152641296387
2017-11-06,3.4826443195343018
2017-11-07,3.5167880058288574
2017-11-08,3.509106159210205
2017-11-09,3.535567283630371
2017-11-10,3.5671498775482178
2017-11-13,3.5748326778411865
2017-11-14,3.5475175380706787
2017-11-15,3.521909236907959
2017-11-16,3.55519962310791
2017-11-17,3.5594677925109863
2017-11-20,3.5876357555389404
2017-11-21,3.6584837436676025
2017-11-22,3.657630205154419
2017-11-23,3.5415422916412354
2017-11-24,3.544956684112549
2017-11-27,3.4877662658691406
2017-11-28,3.503983974456787
2017-11-29,3.5005695819854736
2017-11-30,3.460451126098633
2017-12-01,3.4630119800567627
2017-12-04,3.4775230884552
2017-12-05,3.4988627433776855
2017-12-06,3.4724016189575195
2017-12-07,3.433136224746704
2017-12-08,3.466426372528076
2017-12-11,3.523616313934326
2017-12-12,3.4681339263916016
2017-12-13,3.492887496948242
2017-12-14,3.481790542602539
2017-12-15,3.435697078704834
2017-12-18,3.436551094055176
2017-12-19,3.481790542602539
2017-12-20,3.474108934402466
2017-12-21,3.5167880058288574
2017-12-22,3.5005695819854736
2017-12-25,3.484351634979248
2017-12-26,3.4945948123931885
2017-12-27,3.436551094055176
2017-12-28,3.4681339263916016
2017-12-29,3.4792306423187256
2018-01-02,3.5304455757141113
2018-01-03,3.549224615097046
2018-01-04,3.560321092605591
2018-01-05,3.5739781856536865
2018-01-08,3.5884897708892822
2018-01-09,3.617511510848999
2018-01-10,3.632875919342041
2018-01-11,3.6277549266815186
2018-01-12,3.6473872661590576
2018-01-15,3.6405587196350098
2018-01-16,3.677262783050537
2018-01-17,3.666166305541992
2018-01-18,3.6900665760040283
2018-01-19,3.700309991836548
2018-01-22,3.7472574710845947
2018-01-23,3.785212755203247
2018-01-24,3.7878007888793945
2018-01-25,3.7636470794677734
2018-01-26,3.782625198364258
2018-01-29,3.711026668548584
2018-01-30,3.6730709075927734
2018-01-31,3.6842849254608154
2018-02-01,3.658406972885132
2018-02-02,3.6808345317840576
2018-02-05,3.677384614944458
2018-02-06,3.573869228363037
2018-02-07,3.4893314838409424
2018-02-08,3.460864782333374
2018-02-09,3.3012781143188477
2018-02-12,3.3487231731414795
2018-02-13,3.3892667293548584
2018-02-14,3.4194583892822266
2018-02-22,3.4901938438415527
2018-02-23,3.509171962738037
2018-02-26,3.5540287494659424
2018-02-27,3.503133535385132
2018-02-28,3.4677655696868896
2018-03-01,3.4927818775177
2018-03-02,3.4694910049438477
2018-03-05,3.4617273807525635
2018-03-06,3.5134851932525635
2018-03-07,3.485018253326416
2018-03-08,3.520386219024658
2018-03-09,3.546264886856079
2018-03-12,3.5566160678863525
2018-03-13,3.5186607837677
2018-03-14,3.5065836906433105
2018-03-15,3.5324628353118896
2018-03-16,3.493644952774048
2018-03-19,3.512622833251953
2018-03-20,3.510896921157837
2018-03-21,3.4927818775177
2018-03-22,3.4617273807525635
2018-03-23,3.359074831008911
2018-03-26,3.3435471057891846
2018-03-27,3.37373948097229
2018-03-28,3.305591583251953
2018-03-29,3.3659756183624268
2018-03-30,3.360799789428711
2018-04-02,3.3495852947235107
2018-04-03,3.328019857406616
2018-04-04,3.3193936347961426
2018-04-09,3.32370662689209
2018-04-10,3.38840389251709
2018-04-11,3.3927173614501953
2018-04-12,3.357349395751953
2018-04-13,3.3340585231781006
2018-04-16,3.281437873840332
2018-04-17,3.233130931854248
2018-04-18,3.2400319576263428
2018-04-19,3.2857511043548584
2018-04-20,3.234856128692627
2018-04-23,3.2486584186553955
2018-04-24,3.316805839538574
2018-04-25,3.2969651222229004
2018-04-26,3.23140549659729
2018-04-27,3.2383065223693848
2018-05-02,3.2486584186553955
2018-05-03,3.2676360607147217
2018-05-04,3.2521088123321533
2018-05-07,3.3047292232513428
2018-05-08,3.347860336303711
2018-05-09,3.3383712768554688
2018-05-10,3.360799789428711
2018-05-11,3.340959310531616
2018-05-14,3.370288610458374
2018-05-15,3.383228063583374
2018-05-16,3.355623722076416
2018-05-17,3.327157497406006
2018-05-18,3.3633875846862793
2018-05-21,3.379777669906616
2018-05-22,3.3659756183624268
2018-05-23,3.32198166847229
2018-05-24,3.2952401638031006
2018-05-25,3.2874763011932373
2018-05-28,3.3081793785095215
2018-05-29,3.277125120162964
2018-05-30,3.2150156497955322
2018-05-31,3.2805752754211426
2018-06-01,3.2581467628479004
2018-06-04,3.2900643348693848
2018-06-05,3.3176684379577637
2018-06-06,3.3116300106048584
2018-06-07,3.310767650604248
2018-06-08,3.266772985458374
2018-06-11,3.2753994464874268
2018-06-12,3.3081793785095215
2018-06-13,3.2745370864868164
2018-06-14,3.2659106254577637
2018-06-15,3.260735273361206
2018-06-19,3.1485934257507324
2018-06-20,3.1485934257507324
2018-06-21,3.1227142810821533
2018-06-22,3.1365163326263428
2018-06-25,3.092522621154785
2018-06-26,3.062330484390259
2018-06-27,2.9898693561553955
2018-06-28,2.9726171493530273
2018-06-29,3.051116466522217
2018-07-02,2.970029354095459
2018-07-03,2.958815097808838
2018-07-04,2.9277608394622803
2018-07-05,2.90360689163208
2018-07-06,2.9286229610443115
2018-07-09,3.0140233039855957
2018-07-10,3.021786689758301
2018-07-11,2.971754550933838
2018-07-12,3.0433528423309326
2018-07-13,3.0485284328460693
2018-07-16,3.0355889797210693
2018-07-17,3.016611337661743
2018-07-18,3.0028090476989746
2018-07-19,3.0045344829559326
2018-07-20,3.062330484390259
2018-07-23,3.0821709632873535
2018-07-24,3.1391043663024902
2018-07-25,3.1382415294647217
2018-07-26,3.097698211669922
2018-07-27,3.0899345874786377
2018-07-30,3.0726816654205322
2018-07-31,3.0838961601257324
2018-08-01,3.014885902404785
2018-08-02,2.947600841522217
2018-08-03,2.9061946868896484
2018-08-06,2.876002788543701
2018-08-07,2.9562270641326904
2018-08-08,2.9130959510803223
2018-08-09,2.98296856880188
2018-08-10,2.9881441593170166
2018-08-13,2.9752049446105957
2018-08-14,2.962265729904175
2018-08-15,2.8915297985076904
2018-08-16,2.879453182220459
2018-08-17,2.8354592323303223
2018-08-20,2.8656511306762695
2018-08-21,2.914821147918701
2018-08-22,2.909644842147827
2018-08-23,2.918271541595459
2018-08-24,2.9225845336914062
2018-08-27,2.99590802192688
2018-08-28,2.987281560897827
2018-08-29,2.976067543029785
2018-08-30,2.9467380046844482
2018-08-31,2.9243102073669434
2018-09-03,2.918271541595459
2018-09-04,2.9527766704559326
2018-09-05,2.892392635345459
2018-09-06,2.8673760890960693
2018-09-07,2.8863542079925537
2018-09-10,2.8449485301971436
2018-09-11,2.834596633911133
2018-09-12,2.8147566318511963
2018-09-13,2.8449485301971436
2018-09-14,2.8492612838745117
2018-09-17,2.8225200176239014
2018-09-18,2.8768653869628906
2018-09-19,2.9156835079193115
2018-09-20,2.9139583110809326
2018-09-21,3.005396842956543
2018-09-25,2.9752049446105957
2018-09-26,3.0079846382141113
2018-09-27,2.9950454235076904
2018-09-28,3.0261001586914062
2018-10-08,2.8820412158966064
2018-10-09,2.8880796432495117
2018-10-10,2.8863542079925537
2018-10-11,2.7379822731018066
2018-10-12,2.788877487182617
2018-10-15,2.748333692550659
2018-10-16,2.7302184104919434
2018-10-17,2.7397074699401855
2018-10-18,2.679323434829712
2018-10-19,2.7474710941314697
2018-10-22,2.892392635345459
2018-10-23,2.7949156761169434
2018-10-24,2.7992289066314697
2018-10-25,2.81303071975708
2018-10-26,2.7845640182495117
2018-10-29,2.7008891105651855
2018-10-30,2.7328062057495117
2018-10-31,2.764723539352417
2018-11-01,2.7845640182495117
2018-11-02,2.9010190963745117
2018-11-05,2.8639259338378906
2018-11-06,2.845810651779175
2018-11-07,2.8225200176239014
2018-11-08,2.819931983947754
2018-11-09,2.7845640182495117
2018-11-12,2.8156185150146484
2018-11-13,2.8449485301971436
2018-11-14,2.8104429244995117
2018-11-15,2.8475358486175537
2018-11-16,2.8561625480651855
2018-11-19,2.8880796432495117
2018-11-20,2.8251078128814697
2018-11-21,2.827695846557617
2018-11-22,2.819931983947754
2018-11-23,2.7466084957122803
2018-11-26,2.7509214878082275
2018-11-27,2.748333692550659
2018-11-28,2.7897398471832275
2018-11-29,2.7621359825134277
2018-11-30,2.790602684020996
2018-12-03,2.863063097000122
2018-12-04,2.8673760890960693
2018-12-05,2.8544371128082275
2018-12-06,2.7966408729553223
2018-12-07,2.790602684020996
2018-12-10,2.764723539352417
2018-12-11,2.775937557220459
2018-12-12,2.7854268550872803
2018-12-13,2.832871198654175
2018-12-14,2.7837016582489014
2018-12-17,2.7802507877349854
2018-12-18,2.745745897293091
2018-12-19,2.7172791957855225
2018-12-20,2.6974384784698486
2018-12-21,2.6637964248657227
2018-12-24,2.669834613800049
2018-12-25,2.653444528579712
2018-12-26,2.638779878616333
2018-12-27,2.632741689682007
2018-12-28,2.638779878616333
2019-01-02,2.6025495529174805
2019-01-03,2.6025495529174805
2019-01-04,2.6689717769622803
2019-01-07,2.6801865100860596
2019-01-08,2.6801865100860596
2019-01-09,2.700026512145996
2019-01-10,2.7026145458221436
2019-01-11,2.7224550247192383
2019-01-14,2.6991639137268066
2019-01-15,2.750058889389038
2019-01-16,2.750058889389038
2019-01-17,2.7351176738739014
2019-01-18,2.7825779914855957
2019-01-21,2.7975192070007324
2019-01-22,2.7623631954193115
2019-01-23,2.7553324699401855
2019-01-24,2.776425838470459
2019-01-25,2.7975192070007324
2019-01-28,2.794003486633301
2019-01-29,2.8063082695007324
2019-01-30,2.787851333618164
2019-01-31,2.814218282699585
2019-02-01,2.860799551010132
2019-02-11,2.9003498554229736
2019-02-12,2.921442985534668
2019-02-13,2.9820868968963623
2019-02-14,2.985602617263794
2019-02-15,2.936384439468384
2019-02-18,3.021636962890625
2019-02-19,3.0137269496917725
2019-02-20,3.021636962890625
2019-02-21,3.0181217193603516
2019-02-22,3.098979949951172
2019-02-25,3.317824363708496
2019-02-26,3.2431185245513916
2019-02-27,3.22554087638855
2019-02-28,3.219388246536255
2019-03-01,3.2853055000305176
2019-03-04,3.319581985473633
2019-03-05,3.3477067947387695
2019-03-06,3.3705577850341797
2019-03-07,3.3336446285247803
2019-03-08,3.217630386352539
2019-03-11,3.2606964111328125
2019-03-12,3.2826688289642334
2019-03-13,3.2633330821990967
2019-03-14,3.239603042602539
2019-03-15,3.2826688289642334
2019-03-18,3.3837411403656006
2019-03-19,3.3591322898864746
2019-03-20,3.3591322898864746
2019-03-21,3.3608899116516113
2019-03-22,3.3652849197387695
2019-03-25,3.281789779663086
2019-03-26,3.2475128173828125
2019-03-27,3.27563738822937
2019-03-28,3.266848564147949
2019-03-29,3.4004404544830322
2019-04-01,3.488330125808716
2019-04-02,3.482177257537842
2019-04-03,3.5287587642669678
2019-04-04,3.5700669288635254
2019-04-08,3.547215461730957
2019-04-09,3.5683090686798096
2019-04-10,3.573582410812378
2019-04-11,3.5120601654052734
2019-04-12,3.499755620956421
2019-04-15,3.477783203125
2019-04-16,3.5832505226135254
2019-04-17,3.5744612216949463
2019-04-18,3.5683090686798096
2019-04-19,3.6210429668426514
2019-04-22,3.5305168628692627
2019-04-23,3.524364709854126
2019-04-24,3.5296378135681152
2019-04-25,3.4566898345947266
2019-04-26,3.409229278564453
2019-05-06,3.228177309036255
2019-05-07,3.258059501647949
2019-05-08,3.2158725261688232
2019-05-09,3.170170307159424
2019-05-10,3.2694854736328125
2019-05-13,3.2097206115722656
2019-05-14,3.1939005851745605
2019-05-15,3.26245379447937
2019-05-16,3.2782740592956543
2019-05-17,3.2044472694396973
2019-05-20,3.1692917346954346
2019-05-21,3.208841562271118
2019-05-22,3.2009315490722656
2019-05-23,3.1499557495117188
2019-05-24,3.155228853225708
2019-05-27,3.193021535873413
2019-05-28,3.20796275138855
2019-05-29,3.2097206115722656
2019-05-30,3.20796275138855
2019-05-31,3.1921424865722656
2019-06-03,3.1991734504699707
2019-06-04,3.170170307159424
2019-06-05,3.1631391048431396
2019-06-06,3.1358933448791504
2019-06-10,3.1763224601745605
2019-06-11,3.27563738822937
2019-06-12,3.251028299331665
2019-06-13,3.2448763847351074
2019-06-14,3.22554087638855
2019-06-17,3.228177309036255
2019-06-18,3.23520827293396
2019-06-19,3.2826688289642334
2019-06-20,3.377588987350464
2019-06-21,3.3837411403656006
2019-06-24,3.389014720916748
2019-06-25,3.3547379970550537
2019-06-26,3.355617046356201
2019-06-27,3.3925304412841797
2019-06-28,3.391651153564453
2019-07-01,3.475146532058716
2019-07-02,3.480419635772705
2019-07-03,3.451416254043579
2019-07-04,3.4285647869110107
2019-07-05,3.4461429119110107
2019-07-08,3.3670427799224854
2019-07-09,3.3591322898864746
2019-07-10,3.360011100769043
2019-07-11,3.3608899116516113
2019-07-12,3.3881356716156006
2019-07-15,3.4004404544830322
2019-07-16,3.386378049850464
2019-07-17,3.3811049461364746
2019-07-18,3.3591322898864746
2019-07-19,3.3942885398864746
2019-07-22,3.3679213523864746
2019-07-23,3.375831365585327
2019-07-24,3.4030768871307373
2019-07-25,3.433838367462158
2019-07-26,3.438232898712158
2019-07-29,3.4329593181610107
2019-07-30,3.448779582977295
2019-07-31,3.42417049407959
2019-08-01,3.3925304412841797
2019-08-02,3.3406758308410645
2019-08-05,3.2826688289642334
2019-08-06,3.248391628265381
2019-08-07,3.2272982597351074
2019-08-08,3.2747585773468018
2019-08-09,3.2492706775665283
2019-08-12,3.3011255264282227
2019-08-13,3.273000955581665
2019-08-14,3.2853055000305176
2019-08-15,3.2984888553619385
2019-08-16,3.312551259994507
2019-08-19,3.391651153564453
2019-08-20,3.377588987350464
2019-08-21,3.3767104148864746
2019-08-22,3.3837411403656006
2019-08-23,3.4074716567993164
2019-08-26,3.3696792125701904
2019-08-27,3.4048349857330322
2019-08-28,3.3942885398864746
2019-08-29,3.384620428085327
2019-08-30,3.393409252166748
2019-09-02,3.431201696395874
2019-09-03,3.4347171783447266
2019-09-04,3.477783203125
2019-09-05,3.5103020668029785
2019-09-06,3.535789966583252
2019-09-09,3.5480945110321045
2019-09-10,3.5384268760681152
2019-09-11,3.5129384994506836
2019-09-12,3.548973560333252
2019-09-16,3.5366692543029785
2019-09-17,3.4725093841552734
2019-09-18,3.4874508380889893
2019-09-19,3.5041496753692627
2019-09-20,3.5094237327575684
2019-09-23,3.4786624908447266
2019-09-24,3.4812984466552734
2019-09-25,3.457568883895874
2019-09-26,3.433838367462158
2019-09-27,3.4417483806610107
2019-09-30,3.4004404544830322
2019-10-08,3.4224131107330322
2019-10-09,3.4320807456970215
2019-10-10,3.4566898345947266
2019-10-11,3.4988768100738525
2019-10-14,3.524364709854126
2019-10-15,3.5129384994506836
2019-10-16,3.5006344318389893
2019-10-17,3.5059075355529785
2019-10-18,3.4549317359924316
2019-10-21,3.462841749191284
2019-10-22,3.476025104522705
2019-10-23,3.457568883895874
2019-10-24,3.4619624614715576
2019-10-25,3.4830565452575684
2019-10-28,3.5032708644866943
2019-10-29,3.4918453693389893
2019-10-30,3.468994379043579
2019-10-31,3.4672367572784424
2019-11-01,3.5384268760681152
2019-11-04,3.5498528480529785
2019-11-05,3.5700669288635254
2019-11-06,3.5551257133483887
2019-11-07,3.5595204830169678
2019-11-08,3.5454578399658203
2019-11-11,3.486572265625
2019-11-12,3.482177257537842
2019-11-13,3.479541063308716
2019-11-14,3.482177257537842
2019-11-15,3.4654791355133057
2019-11-18,3.4900872707366943
2019-11-19,3.5252435207366943
2019-11-20,3.489208698272705
2019-11-21,3.471630811691284
2019-11-22,3.4347171783447266
2019-11-25,3.4593260288238525
2019-11-26,3.464599847793579
2019-11-27,3.4593260288238525
2019-11-28,3.4540531635284424
2019-11-29,3.4162607192993164
2019-12-02,3.4232919216156006
2019-12-03,3.43735408782959
2019-12-04,3.4391117095947266
2019-12-05,3.464599847793579
2019-12-06,3.486572265625
2019-12-09,3.4742674827575684
2019-12-10,3.4769043922424316
2019-12-11,3.483154058456421
2019-12-12,3.470654010772705
2019-12-13,3.542977809906006
2019-12-16,3.553692579269409
2019-12-17,3.609051465988159
2019-12-18,3.5947651863098145
2019-12-19,3.5903007984161377
2019-12-20,3.585836172103882
2019-12-23,3.5394058227539062
2019-12-24,3.558156967163086
2019-12-25,3.5644071102142334
2019-12-26,3.5903007984161377
2019-12-27,3.5867297649383545
2019-12-30,3.638516664505005
2019-12-31,3.6572673320770264
2020-01-02,3.7045907974243164
2020-01-03,3.696554660797119
2020-01-06,3.68137526512146
2020-01-07,3.7099480628967285
2020-01-08,3.6733391284942627
2020-01-09,3.7126266956329346
2020-01-10,3.711733818054199
2020-01-13,3.751913547515869
2020-01-14,3.735841751098633
2020-01-15,3.707268714904785
2020-01-16,3.701911449432373
2020-01-17,3.706376314163208
2020-01-20,3.7331628799438477
2020-01-21,3.6653032302856445
2020-01-22,3.6778035163879395
2020-01-23,3.567978858947754
2020-02-03,3.267075538635254
2020-02-04,3.3661861419677734
2020-02-05,3.3992230892181396
2020-02-06,3.4795827865600586
2020-02-07,3.4715468883514404
2020-02-10,3.483154058456421
2020-02-11,3.520655870437622
2020-02-12,3.545656204223633
2020-02-13,3.5269057750701904
2020-02-14,3.551013708114624
2020-02-17,3.628695487976074
2020-02-18,3.6063730716705322
2020-02-19,3.6072654724121094
2020-02-20,3.68851900100708
2020-02-21,3.701018810272217
2020-02-24,3.671553611755371
2020-02-25,3.6644105911254883
2020-02-26,3.6340525150299072
2020-02-27,3.6349453926086426
2020-02-28,3.5117268562316895
2020-03-02,3.6394100189208984
2020-03-03,3.6367311477661133
2020-03-04,3.6626248359680176
2020-03-05,3.7501277923583984
2020-03-06,3.6795895099639893
2020-03-09,3.5626213550567627
2020-03-10,3.64119553565979
2020-03-11,3.581372022628784
2020-03-12,3.5251200199127197
2020-03-13,3.472439765930176
2020-03-16,3.3268988132476807
2020-03-17,3.297433853149414
2020-03-18,3.242074489593506
2020-03-19,3.2108235359191895
2020-03-20,3.2536826133728027
2020-03-23,3.1483216285705566
2020-03-24,3.224217176437378
2020-03-25,3.3090415000915527
2020-03-26,3.2885050773620605
2020-03-27,3.3036842346191406
2020-03-30,3.2733259201049805
2020-03-31,3.2760040760040283
2020-04-01,3.279576301574707
2020-04-02,3.3242204189300537
2020-04-03,3.3010053634643555
2020-04-07,3.375115156173706
2020-04-08,3.3617215156555176
2020-04-09,3.3715436458587646
2020-04-10,3.3608288764953613
2020-04-13,3.3420777320861816
2020-04-14,3.39743709564209
2020-04-15,3.377793550491333
2020-04-16,3.3795793056488037
2020-04-17,3.4099373817443848
2020-04-20,3.4242238998413086
2020-04-21,3.3885083198547363
2020-04-22,3.4188666343688965
2020-04-23,3.412616014480591
2020-04-24,3.3840439319610596
2020-04-27,3.3992230892181396
2020-04-28,3.420652389526367
2020-04-29,3.4385101795196533
2020-04-30,3.4894044399261475
2020-05-06,3.498333215713501
2020-05-07,3.4920833110809326
2020-05-08,3.5295841693878174
2020-05-11,3.523334503173828
2020-05-12,3.5224416255950928
2020-05-13,3.530477523803711
2020-05-14,3.5010123252868652
2020-05-15,3.4840471744537354
2020-05-18,3.4947619438171387
2020-05-19,3.520655870437622
2020-05-20,3.5063695907592773
2020-05-21,3.483154058456421
2020-05-22,3.4063661098480225
2020-05-25,3.408151626586914
2020-05-26,3.4492244720458984
2020-05-27,3.433152914047241
2020-05-28,3.4376168251037598
2020-05-29,3.4519031047821045
2020-06-01,3.542977809906006
2020-06-02,3.552799701690674
2020-06-03,3.5519065856933594
2020-06-04,3.553692579269409
2020-06-05,3.5742290019989014
2020-06-08,3.591193675994873
2020-06-09,3.6153011322021484
2020-06-10,3.6072654724121094
2020-06-11,3.5742290019989014
2020-06-12,3.583158016204834
2020-06-15,3.5322632789611816
2020-06-16,3.5876221656799316
2020-06-17,3.591193675994873
2020-06-18,3.618873357772827
2020-06-19,3.6653032302856445
2020-06-22,3.6688756942749023
2020-06-23,3.6858394145965576
2020-06-24,3.7179837226867676
2020-06-29,3.6858394145965576
2020-06-30,3.7304844856262207
2020-07-01,3.814415454864502
2020-07-02,3.901918888092041
2020-07-03,3.979599952697754
2020-07-06,4.271573543548584
2020-07-07,4.228715419769287
2020-07-08,4.284073829650879
2020-07-09,4.3501482009887695
2020-07-10,4.272466659545898
2020-07-13,4.361756324768066
2020-07-14,4.323360919952393
2020-07-15,4.271573543548584
2020-07-16,4.067996025085449
2020-07-17,4.111746788024902
2020-07-20,4.22067928314209
2020-07-21,4.231392860412598
2020-07-22,4.278717041015625
2020-07-23,4.255501747131348
2020-07-24,4.0662102699279785
2020-07-27,4.09121036529541
2020-07-28,4.122461795806885
2020-07-29,4.240323543548584
2020-07-30,4.209072113037109
2020-07-31,4.241215705871582
2020-08-03,4.308182239532471
2020-08-04,4.311753273010254
2020-08-05,4.313539505004883
2020-08-06,4.297468185424805
2020-08-07,4.254609107971191
2020-08-10,4.268895626068115
2020-08-11,4.226930141448975
2020-08-12,4.198357582092285
2020-08-13,4.184964179992676
2020-08-14,4.266217231750488
2020-08-17,4.354612350463867
2020-08-18,4.348361968994141
2020-08-19,4.280502796173096
2020-08-20,4.234965801239014
2020-08-21,4.270681381225586
2020-08-24,4.297468185424805
2020-08-25,4.305503845214844
2020-08-26,4.252823352813721
2020-08-27,4.284967422485352
2020-08-28,4.390328407287598
2020-08-31,4.35193395614624
2020-09-01,4.3822922706604
2020-09-02,4.378720283508301
2020-09-03,4.360862731933594
2020-09-04,4.311753273010254
2020-09-07,4.2251434326171875
2020-09-08,4.246573448181152
2020-09-09,4.147462368011475
2020-09-10,4.151034355163574
2020-09-11,4.183177947998047
2020-09-14,4.2072858810424805
2020-09-15,4.238537311553955
2020-09-16,4.213536262512207
2020-09-17,4.187643051147461
2020-09-18,4.295681953430176
2020-09-21,4.246573448181152
2020-09-22,4.195678234100342
2020-09-23,4.208178520202637
2020-09-24,4.139426231384277
2020-09-25,4.142105579376221
2020-09-28,4.151034355163574
2020-09-29,4.160855770111084
2020-09-30,4.148355484008789
2020-10-09,4.231392860412598
2020-10-12,4.363541126251221
2020-10-13,4.377828121185303
2020-10-14,4.356398105621338
2020-10-15,4.345684051513672
2020-10-16,4.333183288574219
2020-10-19,4.305503845214844
2020-10-20,4.3322906494140625
2020-10-21,4.337647914886475
2020-10-22,4.323360919952393
2020-10-23,4.273359775543213
2020-10-26,4.241215705871582
2020-10-27,4.253716468811035
2020-10-28,4.289432048797607
2020-10-29,4.328719139099121
2020-10-30,4.247466087341309
2020-11-02,4.272466659545898
2020-11-03,4.318004608154297
2020-11-04,4.351040840148926
2020-11-05,4.418900489807129
2020-11-06,4.420686721801758
2020-11-09,4.507296562194824
2020-11-10,4.483188152313232
2020-11-11,4.44122314453125
2020-11-12,4.438544273376465
2020-11-13,4.393006801605225
2020-11-16,4.4403300285339355
2020-11-17,4.4322943687438965
2020-11-18,4.4260430335998535
2020-11-19,4.463544845581055
2020-11-20,4.476938247680664
2020-11-23,4.528725624084473
2020-11-24,4.500153541564941
2020-11-25,4.444794654846191
2020-11-26,4.45104455947876
2020-11-27,4.514439105987549
2020-11-30,4.492117404937744
2020-12-01,4.591228008270264
2020-12-02,4.581406116485596
2020-12-03,4.579620838165283
2020-12-04,4.589441776275635
2020-12-07,4.5501556396484375
2020-12-08,4.5358686447143555
2020-12-09,4.482295989990234
2020-12-10,4.473367214202881
2020-12-11,4.423364162445068
2020-12-14,4.462652683258057
2020-12-15,4.47604513168335
2020-12-16,4.484973907470703
2020-12-17,4.54836893081665
2020-12-18,4.522475719451904
2020-12-21,4.562656402587891
2020-12-22,4.493903160095215
2020-12-23,4.530511856079102
2020-12-24,4.530511856079102
2020-12-25,4.5680131912231445
2020-12-28,4.5805134773254395
2020-12-29,4.566226959228516
2020-12-30,4.623371601104736
2020-12-31,4.720696926116943
2021-01-04,4.762662410736084
2021-01-05,4.851058006286621
2021-01-06,4.894809722900391
2021-01-07,4.999277591705322
2021-01-08,4.974277019500732
2021-01-11,4.918025493621826
2021-01-12,5.060886859893799
2021-01-13,5.041243076324463
2021-01-14,4.949276447296143
2021-01-15,4.934096336364746
2021-01-18,4.9874725341796875
2021-01-19,4.919622898101807
2021-01-20,4.9467620849609375
2021-01-21,5.031801223754883
2021-01-22,5.034515857696533
2021-01-25,5.094224452972412
2021-01-26,4.985663414001465
2021-01-27,4.9947099685668945
2021-01-28,4.871674060821533
2021-01-29,4.83820104598999
2021-02-01,4.895195960998535
2021-02-02,4.967569828033447
2021-02-03,4.962141990661621
2021-02-04,4.952190399169922
2021-02-05,4.959427833557129
2021-02-08,5.024564266204834
2021-02-09,5.149409294128418
2021-02-10,5.253447532653809
2021-02-18,5.214545726776123
2021-02-19,5.243495941162109
2021-02-22,5.0562286376953125
2021-02-23,5.042657375335693
2021-02-24,4.909670829772949
2021-02-25,4.955809116363525
2021-02-26,4.821012020111084
2021-03-01,4.901528358459473
2021-03-02,4.839105606079102
2021-03-03,4.934096336364746
2021-03-04,4.783015727996826
2021-03-05,4.764017581939697
2021-03-08,4.595748424530029
2021-03-09,4.50437593460083
2021-03-10,4.523374557495117
2021-03-11,4.640077590942383
2021-03-12,4.651838302612305
2021-03-15,4.559561729431152
2021-03-16,4.589415073394775
2021-03-17,4.610223293304443
2021-03-18,4.64640998840332
2021-03-19,4.520660400390625
2021-03-22,4.5722270011901855
2021-03-23,4.5315165519714355
2021-03-24,4.462761878967285
2021-03-25,4.459142208099365
2021-03-26,4.553228855133057
2021-03-29,4.5622758865356445
2021-03-30,4.602080821990967
2021-03-31,4.568608283996582
2021-04-01,4.624698162078857
2021-04-02,4.669027328491211
2021-04-06,4.643696308135986
2021-04-07,4.612032890319824
2021-04-08,4.621984004974365
2021-04-09,4.557751655578613
2021-04-12,4.481759548187256
2021-04-13,4.475427150726318
2021-04-14,4.500757217407227
2021-04-15,4.475427150726318
2021-04-16,4.489901065826416
2021-04-19,4.603890419006348
2021-04-20,4.596652984619141
2021-04-21,4.607508659362793
2021-04-22,4.603890419006348
2021-04-23,4.650029182434082
2021-04-26,4.592129707336426
2021-04-27,4.603890419006348
2021-04-28,4.638267993927002
2021-04-29,4.6798834800720215
2021-04-30,4.639172554016113
2021-05-06,4.578559398651123
2021-05-07,4.523374557495117
2021-05-10,4.522469520568848
2021-05-11,4.54599142074585
2021-05-12,4.574036598205566
2021-05-13,4.5242791175842285
2021-05-14,4.638267993927002
2021-05-17,4.693453788757324
2021-05-18,4.695262432098389
2021-05-19,4.682597637176514
2021-05-20,4.695262432098389
2021-05-21,4.645505428314209
2021-05-24,4.670836448669434
2021-05-25,4.819202899932861
2021-05-26,4.820107936859131
2021-05-27,4.837296485900879
2021-05-28,4.823726177215576
2021-05-31,4.8291544914245605
2021-06-01,4.836391925811768
2021-06-02,4.79749059677124
2021-06-03,4.760399341583252
2021-06-04,4.79025411605835
2021-06-07,4.784825325012207
2021-06-08,4.746829509735107
2021-06-09,4.754066467285156
2021-06-10,4.784825325012207
2021-06-11,4.7404961585998535
2021-06-15,4.68712043762207
2021-06-16,4.622888565063477
2021-06-17,4.632840156555176
2021-06-18,4.637363433837891
2021-06-21,4.631030559539795
2021-06-22,4.654551982879639
2021-06-23,4.682597637176514
2021-06-24,4.694357872009277
2021-06-25,4.767636775970459
2021-06-28,4.775778293609619
2021-06-29,4.726925849914551
2021-06-30,4.754971027374268
2021-07-01,4.753161907196045
2021-07-02,4.625602722167969
2021-07-05,4.631935119628906
2021-07-06,4.638267993927002
2021-07-07,4.686215400695801
2021-07-08,4.64640998840332
2021-07-09,4.624698162078857
2021-07-12,4.686215400695801
2021-07-13,4.700690746307373
2021-07-14,4.6491241455078125
2021-07-15,4.710641860961914
2021-07-16,4.664503574371338
2021-07-19,4.68440580368042
2021-07-20,4.672645568847656
2021-07-21,4.707927703857422
2021-07-22,4.712451457977295
2021-07-23,4.665408134460449
2021-07-26,4.507090091705322
2021-07-27,4.350581169128418
2021-07-28,4.359627723693848
2021-07-29,4.438334941864014
2021-07-30,4.407575607299805
2021-08-02,4.51704216003418
2021-08-03,4.518850803375244
2021-08-04,4.558656692504883
2021-08-05,4.5315165519714355
2021-08-06,4.51704216003418
2021-08-09,4.566798686981201
2021-08-10,4.6183648109436035
2021-08-11,4.593938827514648
2021-08-12,4.56498908996582
2021-08-13,4.540563106536865
2021-08-16,4.537848472595215
2021-08-17,4.436525344848633
2021-08-18,4.484472751617432
2021-08-19,4.453714370727539
2021-08-20,4.372293472290039
2021-08-23,4.437430381774902
2021-08-24,4.484472751617432
2021-08-25,4.497138500213623
2021-08-26,4.420241832733154
2021-08-27,4.432002544403076
2021-08-30,4.415718078613281
2021-08-31,4.4139084815979
2021-09-01,4.477235794067383
2021-09-02,4.4736175537109375
2021-09-03,4.449191093444824
2021-09-06,4.525183200836182
2021-09-07,4.582178115844727
2021-09-08,4.563180446624756
2021-09-09,4.561370372772217
2021-09-10,4.6057000160217285
2021-09-13,4.581273555755615
2021-09-14,4.521564960479736
2021-09-15,4.4736175537109375
2021-09-16,4.4229559898376465
2021-09-17,4.458237648010254
2021-09-22,4.4283833503723145
2021-09-23,4.45461893081665
2021-09-24,4.460951805114746
2021-09-27,4.489901065826416
2021-09-28,4.481759548187256
2021-09-29,4.451904773712158
2021-09-30,4.464570045471191
2021-10-08,4.528802394866943
2021-10-11,4.527897834777832
2021-10-12,4.480854034423828
2021-10-13,4.5315165519714355
2021-10-14,4.507090091705322
2021-10-15,4.528802394866943
2021-10-18,4.4763312339782715
2021-10-19,4.518850803375244
2021-10-20,4.506185531616211
2021-10-21,4.526088237762451
2021-10-22,4.555942535400391
2021-10-25,4.571322441101074
2021-10-26,4.555942535400391
2021-10-27,4.496233940124512
2021-10-28,4.477235794067383
2021-10-29,4.506185531616211
2021-11-01,4.491711139678955
2021-11-02,4.444667816162109
2021-11-03,4.426574230194092
2021-11-04,4.4690937995910645
2021-11-05,4.453714370727539
2021-11-08,4.450096130371094
2021-11-09,4.448286056518555
2021-11-10,4.4256696701049805
2021-11-11,4.498044013977051
2021-11-12,4.496233940124512
2021-11-15,4.4908061027526855
2021-11-16,4.487187385559082
2021-11-17,4.486283302307129
2021-11-18,4.446476936340332
2021-11-19,4.496233940124512
2021-11-22,4.507995128631592
2021-11-23,4.510708808898926
2021-11-24,4.520660400390625
2021-11-25,4.503471851348877
2021-11-26,4.465475082397461
2021-11-29,4.459142208099365
2021-11-30,4.4428582191467285
2021-12-01,4.45461893081665
2021-12-02,4.463665962219238
2021-12-03,4.50437593460083
2021-12-06,4.499852657318115
2021-12-07,4.525183200836182
2021-12-08,4.590320587158203
2021-12-09,4.666313171386719
2021-12-10,4.652742862701416
2021-12-13,4.664503574371338
2021-12-14,4.636458873748779
2021-12-15,4.594843864440918
2021-12-16,4.619269847869873
2021-12-17,4.553228855133057
2021-12-20,4.485378265380859
2021-12-21,4.50437593460083
2021-12-22,4.507090091705322
2021-12-23,4.541467666625977
2021-12-24,4.520660400390625
2021-12-27,4.5242791175842285
2021-12-28,4.547800540924072
2021-12-29,4.487187385559082
2021-12-30,4.519755840301514
2021-12-31,4.530611515045166
2022-01-04,4.514327049255371
2022-01-05,4.471807956695557
2022-01-06,4.421145915985107
2022-01-07,4.432002544403076
2022-01-10,4.443763256072998
2022-01-11,4.403052806854248
2022-01-12,4.450096130371094
2022-01-13,4.376816749572754
2022-01-14,4.337010860443115
2022-01-17,4.37410306930542
2022-01-18,4.415718078613281
2022-01-19,4.391829490661621
2022-01-20,4.426743507385254
2022-01-21,4.395504474639893
2022-01-24,4.397342681884766
2022-01-25,4.299950122833252
2022-01-26,4.323838710784912
2022-01-27,4.249416828155518
2022-01-28,4.184182167053223
2022-02-07,4.250335693359375
2022-02-08,4.230122089385986
2022-02-09,4.265954971313477
2022-02-10,4.255847930908203
2022-02-11,4.222772121429443
2022-02-14,4.177750587463379
2022-02-15,4.2163405418396
2022-02-16,4.235635280609131
2022-02-17,4.2448225021362305
2022-02-18,4.266873359680176
2022-02-21,4.251254081726074
2022-02-22,4.196126937866211
2022-02-23,4.24022912979126
2022-02-24,4.162131309509277
2022-02-25,4.194288730621338
2022-02-28,4.199801921844482
2022-03-01,4.234715938568115
2022-03-02,4.2025580406188965
2022-03-03,4.175913333892822
2022-03-04,4.129055023193359
2022-03-07,3.9930737018585205
2022-03-08,3.9177322387695312
2022-03-09,3.880980968475342
2022-03-10,3.936108112335205
2022-03-11,3.96183443069458
2022-03-14,3.8332035541534424
2022-03-15,3.6503639221191406
2022-03-16,3.809314727783203
2022-03-17,3.886493682861328
2022-03-18,3.912220001220703
2022-03-21,3.9067065715789795
2022-03-22,3.903031587600708
2022-03-23,3.9260008335113525
2022-03-24,3.9011943340301514
2022-03-25,3.83044695854187
2022-03-28,3.8074769973754883
2022-03-29,3.7909388542175293
2022-03-30,3.9039504528045654
2022-03-31,3.8754680156707764
2022-04-01,3.9223268032073975
2022-04-06,3.9113006591796875
2022-04-07,3.863523483276367
2022-04-08,3.889249563217163
2022-04-11,3.7679688930511475
2022-04-12,3.832284688949585
2022-04-13,3.8028833866119385
2022-04-14,3.8433101177215576
2022-04-15,3.84147310256958
2022-04-18,3.823096752166748
2022-04-19,3.7982890605926514
2022-04-20,3.733973979949951
2022-04-21,3.6714961528778076
2022-04-22,3.6806838512420654
2022-04-25,3.50335693359375
2022-04-26,3.4757931232452393
2022-04-27,3.5731849670410156
2022-04-28,3.597073793411255
2022-04-29,3.688952922821045
2022-05-05,3.6751708984375
2022-05-06,3.5860483646392822
2022-05-09,3.5566468238830566
2022-05-10,3.5979926586151123
2022-05-11,3.648526191711426
2022-05-12,3.630150318145752
2022-05-13,3.65863299369812
2022-05-16,3.630150318145752
2022-05-17,3.6751708984375
2022-05-18,3.6623079776763916
2022-05-19,3.670577049255371
2022-05-20,3.747755765914917
2022-05-23,3.7183544635772705
2022-05-24,3.6430132389068604
2022-05-25,3.65863299369812
2022-05-26,3.667820692062378
2022-05-27,3.677008628845215
2022-05-30,3.69814133644104
2022-05-31,3.756943941116333
2022-06-01,3.751431465148926
2022-06-02,3.761537551879883
2022-06-06,3.836878776550293
2022-06-07,3.8423914909362793
2022-06-08,3.880980968475342
2022-06-09,3.8497414588928223
2022-06-10,3.903031587600708
2022-06-13,3.855254650115967
2022-06-14,3.8920059204101562
2022-06-15,3.9370267391204834
2022-06-16,3.912220001220703
2022-06-17,3.9701035022735596
2022-06-20,3.989398241043091
2022-06-21,3.987560749053955
2022-06-22,3.9416215419769287
2022-06-23,4.010530471801758
2022-06-24,4.054632663726807
2022-06-27,4.098734378814697
2022-06-28,4.146511554718018
2022-06-29,4.095978260040283
2022-06-30,4.141918182373047
2022-07-01,4.128135681152344
2022-07-04,4.153861999511719
2022-07-05,4.144674777984619
2022-07-06,4.090465545654297
2022-07-07,4.105165958404541
2022-07-08,4.101491451263428
2022-07-11,4.031662940979004
2022-07-12,3.9985861778259277
2022-07-13,4.0050177574157715
2022-07-14,4.005937099456787
2022-07-15,3.9462151527404785
2022-07-18,3.9884793758392334
2022-07-19,3.9682655334472656
2022-07-20,3.9792909622192383
2022-07-21,3.937945604324341
2022-07-22,3.940702199935913
2022-07-25,3.924163341522217
2022-07-26,3.9508094787597656
2022-07-27,3.928758144378662
2022-07-28,3.931514263153076
2022-07-29,3.877305269241333
2022-08-01,3.893843650817871
2022-08-02,3.8286092281341553
2022-08-03,3.787263870239258
2022-08-04,3.815746545791626
2022-08-05,3.8754680156707764
2022-08-08,3.862604856491089
2022-08-09,3.8690366744995117
2022-08-10,3.827690839767456
2022-08-11,3.9085447788238525
2022-08-12,3.90946364402771
2022-08-15,3.900275230407715
2022-08-16,3.891087770462036
2022-08-17,3.928758144378662
2022-08-18,3.8947625160217285
2022-08-19,3.867198944091797
2022-08-22,3.8920059204101562
2022-08-23,3.879143238067627
2022-08-24,3.8083958625793457
2022-08-25,3.84147310256958
2022-08-26,3.8359601497650146
2022-08-29,3.8129899501800537
2022-08-30,3.8047211170196533
2022-08-31,3.8047211170196533
2022-09-01,3.773482084274292
2022-09-02,3.752349615097046
2022-09-05,3.750511884689331
2022-09-06,3.7771570682525635
2022-09-07,3.7845077514648438
2022-09-08,3.7679688930511475
2022-09-09,3.821259021759033
2022-09-13,3.8341221809387207
2022-09-14,3.791857957839966
2022-09-15,3.7578625679016113
2022-09-16,3.6751708984375
2022-09-19,3.665064573287964
2022-09-20,3.6669020652770996
2022-09-21,3.6393380165100098
2022-09-22,3.6126933097839355
2022-09-23,3.6053428649902344
2022-09-26,3.5823731422424316
2022-09-27,3.628312587738037
2022-09-28,3.576860189437866
2022-09-29,3.5777792930603027
2022-09-30,3.5538904666900635
2022-10-10,3.4813058376312256
2022-10-11,3.4785492420196533
2022-10-12,3.5355145931243896
2022-10-13,3.5051941871643066
2022-10-14,3.5860483646392822
2022-10-17,3.5851292610168457
2022-10-18,3.578697681427002
2022-10-19,3.524489402770996
2022-10-20,3.5134634971618652
2022-10-21,3.4932501316070557
2022-10-24,3.4032087326049805
2022-10-25,3.388507604598999
2022-10-26,3.414233922958374
2022-10-27,3.390345573425293
2022-10-28,3.3113291263580322
2022-10-31,3.275496482849121
2022-11-01,3.402289867401123
2022-11-02,3.4335286617279053
2022-11-03,3.4059648513793945
2022-11-04,3.5226516723632812
2022-11-07,3.5226516723632812
2022-11-08,3.5015194416046143
2022-11-09,3.4647674560546875
2022-11-10,3.4454729557037354
2022-11-11,3.5355145931243896
2022-11-14,3.5373523235321045
2022-11-15,3.6062614917755127
2022-11-16,3.5796165466308594
2022-11-17,3.563997268676758
2022-11-18,3.5520527362823486
2022-11-21,3.5217325687408447
2022-11-22,3.519895076751709
2022-11-23,3.5226516723632812
2022-11-24,3.506113290786743
2022-11-25,3.525407552719116
2022-11-28,3.484062433242798
2022-11-29,3.5906424522399902
2022-11-30,3.593398332595825
2022-12-01,3.63474440574646
2022-12-02,3.613612174987793
2022-12-05,3.6788461208343506
2022-12-06,3.6999783515930176
2022-12-07,3.688952922821045
2022-12-08,3.6972222328186035
2022-12-09,3.7284610271453857
2022-12-12,3.6898715496063232
2022-12-13,3.679765224456787
2022-12-14,3.688952922821045
2022-12-15,3.687115430831909
2022-12-16,3.690790891647339
2022-12-19,3.637500762939453
2022-12-20,3.5796165466308594
2022-12-21,3.576860189437866
2022-12-22,3.5842106342315674
2022-12-23,3.5750226974487305
2022-12-26,3.583292007446289
2022-12-27,3.6264750957489014
2022-12-28,3.6145308017730713
2022-12-29,3.6035053730010986
2022-12-30,3.618206262588501
2023-01-03,3.628312587738037
2023-01-04,3.632906675338745
2023-01-05,3.7018158435821533
2023-01-06,3.7165169715881348
2023-01-09,3.7394866943359375
2023-01-10,3.744999647140503
2023-01-11,3.744999647140503
2023-01-12,3.750511884689331
2023-01-13,3.8074769973754883
2023-01-16,3.866269588470459
2023-01-17,3.8625364303588867
2023-01-18,3.854137897491455
2023-01-19,3.880267381668091
2023-01-20,3.901731252670288
2023-01-30,3.9241280555725098
2023-01-31,3.8812003135681152
2023-02-01,3.9101297855377197
2023-02-02,3.9007973670959473
2023-02-03,3.8606700897216797
2023-02-06,3.8074772357940674
2023-02-07,3.8168094158172607
2023-02-08,3.8009448051452637
2023-02-09,3.8513379096984863
2023-02-10,3.8289413452148438
2023-02-13,3.8588037490844727
2023-02-14,3.8672022819519043
2023-02-15,3.8410727977752686
2023-02-16,3.81400990486145
2023-02-17,3.7598838806152344
2023-02-20,3.857870101928711
2023-02-21,3.8625364303588867
2023-02-22,3.8252084255218506
2023-02-23,3.8252084255218506
2023-02-24,3.788813352584839
2023-02-27,3.774815320968628
2023-02-28,3.7990787029266357
2023-03-01,3.8448057174682617
2023-03-02,3.840139389038086
2023-03-03,3.848538398742676
2023-03-06,3.8252084255218506
2023-03-07,3.772015333175659
2023-03-08,3.7570841312408447
2023-03-09,3.7477519512176514
2023-03-10,3.6964259147644043
2023-03-13,3.7374870777130127
2023-03-14,3.7141568660736084
2023-03-15,3.713223934173584
2023-03-16,3.6702964305877686
2023-03-17,3.6898934841156006
2023-03-20,3.669363021850586
2023-03-21,3.7094907760620117
2023-03-22,3.726288318634033
2023-03-23,3.7617504596710205
2023-03-24,3.7570841312408447
2023-03-27,3.7374870777130127
2023-03-28,3.7300214767456055
2023-03-29,3.7300214767456055
2023-03-30,3.7701492309570312
2023-03-31,3.7794814109802246
2023-04-03,3.8074772357940674
2023-04-04,3.826141357421875
2023-04-06,3.8149430751800537
2023-04-07,3.842006206512451
2023-04-10,3.8280081748962402
2023-04-11,3.818675994873047
2023-04-12,3.8149430751800537
2023-04-13,3.7916131019592285
2023-04-14,3.8112101554870605
2023-04-17,3.868135452270508
2023-04-18,3.8746683597564697
2023-04-19,3.843872547149658
2023-04-20,3.8289413452148438
2023-04-21,3.760817289352417
2023-04-24,3.713223934173584
2023-04-25,3.69549298286438
2023-04-26,3.68709397315979
2023-04-27,3.7197561264038086
2023-04-28,3.7561511993408203
2023-05-04,3.7561511993408203
2023-05-05,3.7412195205688477
2023-05-08,3.7832140922546387
2023-05-09,3.750552177429199
2023-05-10,3.7216222286224365
2023-05-11,3.716956377029419
2023-05-12,3.669363021850586
2023-05-15,3.7281548976898193
2023-05-16,3.7122902870178223
2023-05-17,3.68709397315979
2023-05-18,3.6861608028411865
2023-05-19,3.6805615425109863
2023-05-22,3.699225664138794
2023-05-23,3.6460328102111816
2023-05-24,3.5965728759765625
2023-05-25,3.5881741046905518
2023-05-26,3.5928399562835693
2023-05-29,3.577908992767334
2023-05-30,3.581641674041748
2023-05-31,3.548046350479126
2023-06-01,3.555511951446533
2023-06-02,3.6049718856811523
2023-06-05,3.5881741046905518
2023-06-06,3.553645610809326
2023-06-07,3.5424468517303467
2023-06-08,3.572309732437134
2023-06-09,3.5872409343719482
2023-06-12,3.5909738540649414
2023-06-13,3.6180367469787598
2023-06-14,3.6180367469787598
2023-06-15,3.6786949634552
2023-06-16,3.713223934173584
2023-06-19,3.685227394104004
2023-06-20,3.6786949634552
2023-06-21,3.627368927001953
2023-06-26,3.5863075256347656
2023-06-27,3.6105711460113525
2023-06-28,3.6180367469787598
2023-06-29,3.601238965988159
2023-06-30,3.6227028369903564
2023-07-03,3.6646971702575684
2023-07-04,3.671229124069214
2023-07-05,3.6460328102111816
2023-07-06,3.619903087615967
2023-07-07,3.609637975692749
2023-07-10,3.6245691776275635
2023-07-11,3.6488327980041504
2023-07-12,3.631101608276367
2023-07-13,3.6898934841156006
2023-07-14,3.6880269050598145
2023-07-17,3.6618971824645996
2023-07-18,3.6562979221343994
2023-07-19,3.6544318199157715
2023-07-20,3.6283018589019775
2023-07-21,3.6301684379577637
2023-07-24,3.6143038272857666
2023-07-25,3.718822956085205
2023-07-26,3.7104241847991943
2023-07-27,3.706691026687622
2023-07-28,3.796278715133667
2023-07-31,3.8112101554870605
2023-08-01,3.794412612915039
2023-08-02,3.7673497200012207
2023-08-03,3.8009448051452637
2023-08-04,3.820542335510254
2023-08-07,3.7916131019592285
2023-08-08,3.7776148319244385
2023-08-09,3.7701492309570312
2023-08-10,3.774815320968628
2023-08-11,3.6861608028411865
2023-08-14,3.660964012145996
2023-08-15,3.657231092453003
2023-08-16,3.629235029220581
2023-08-17,3.641366720199585
2023-08-18,3.5947067737579346
2023-08-21,3.54617977142334
2023-08-22,3.567643642425537
2023-08-23,3.516317129135132
2023-08-24,3.53778076171875
2023-08-25,3.5312485694885254
2023-08-28,3.5807085037231445
2023-08-29,3.601238965988159
2023-08-30,3.6003060340881348
2023-08-31,3.5825748443603516
2023-09-01,3.604038715362549
2023-09-04,3.6581647396087646
2023-09-05,3.632967948913574
2023-09-06,3.623635768890381
2023-09-07,3.574176073074341
2023-09-08,3.5545787811279297
2023-09-11,3.5807085037231445
2023-09-12,3.576042652130127
2023-09-13,3.5527124404907227
2023-09-14,3.549912691116333
2023-09-15,3.534048318862915
2023-09-18,3.54617977142334
2023-09-19,3.5415139198303223
2023-09-20,3.5247161388397217
2023-09-21,3.492053985595703
2023-09-22,3.562044382095337
2023-09-25,3.535914897918701
2023-09-26,3.516317129135132
2023-09-27,3.5256497859954834
2023-09-28,3.5125844478607178
2023-10-09,3.5032525062561035
2023-10-10,3.478055953979492
2023-10-11,3.4855215549468994
2023-10-12,3.5191168785095215
2023-10-13,3.486454725265503
2023-10-16,3.446326732635498
2023-10-17,3.4575252532958984
2023-10-18,3.4313955307006836
2023-10-19,3.3595387935638428
2023-10-20,3.3427412509918213
2023-10-23,3.307279109954834
2023-10-24,3.3119451999664307
2023-10-25,3.3306095600128174
2023-10-26,3.3427412509918213
2023-10-27,3.393134117126465
2023-10-30,3.4080655574798584
2023-10-31,3.400599956512451
2023-11-01,3.398733377456665
2023-11-02,3.382869005203247
2023-11-03,3.408998727798462
2023-11-06,3.4537925720214844
2023-11-07,3.4435274600982666
2023-11-08,3.4332621097564697
2023-11-09,3.4360616207122803
2023-11-10,3.410865306854248
2023-11-13,3.4061994552612305
2023-11-14,3.4061994552612305
2023-11-15,3.4295294284820557
2023-11-16,3.3959338665008545
2023-11-17,3.391268014907837
2023-11-20,3.4015331268310547
2023-11-21,3.4061994552612305
2023-11-22,3.3698043823242188
2023-11-23,3.3875350952148438
2023-11-24,3.3642048835754395
2023-11-27,3.3418080806732178
2023-11-28,3.345540761947632
2023-11-29,3.3203444480895996
2023-11-30,3.3240771293640137
2023-12-01,3.3110125064849854
2023-12-04,3.2886152267456055
2023-12-05,3.2270236015319824
2023-12-06,3.231689691543579
2023-12-07,3.2232909202575684
2023-12-08,3.229823350906372
2023-12-11,3.2522201538085938
2023-12-12,3.25968599319458
2023-12-13,3.2055599689483643
2023-12-14,3.19062876701355
2023-12-15,3.184096097946167
2023-12-18,3.1710314750671387
2023-12-19,3.1728978157043457
2023-12-20,3.143968343734741
2023-12-21,3.1728978157043457
2023-12-22,3.178496837615967
2023-12-25,3.1868958473205566
2023-12-26,3.168231725692749
2023-12-27,3.1775639057159424
2023-12-28,3.255953311920166
2023-12-29,3.2652852535247803
2024-01-02,3.222357749938965
2024-01-03,3.2130258083343506
2024-01-04,3.1850295066833496
2024-01-05,3.1691648960113525
2024-01-08,3.1253042221069336
2024-01-09,3.13277006149292
2024-01-10,3.1178388595581055
2024-01-11,3.1355695724487305
2024-01-12,3.1253042221069336
2024-01-15,3.1253042221069336
2024-01-16,3.142102003097534
2024-01-17,3.0721116065979004
2024-01-18,3.115004777908325
2024-01-19,3.1216773986816406
2024-01-22,3.055907726287842
2024-01-23,3.0768773555755615
2024-01-24,3.1254899501800537
2024-01-25,3.178868293762207
2024-01-26,3.173149347305298
2024-01-29,3.1445536613464355
2024-01-30,3.0911755561828613
2024-01-31,3.0711584091186523
2024-02-01,3.06734561920166
2024-02-02,3.038750171661377
2024-02-05,3.057813882827759
2024-02-06,3.155992031097412
2024-02-07,3.183634042739868
2024-02-08,3.204604148864746
2024-02-19,3.230340003967285
2024-02-20,3.2417783737182617
2024-02-21,3.2875311374664307
2024-02-22,3.3123137950897217
2024-02-23,3.315173625946045
2024-02-26,3.2818121910095215
2024-02-27,3.320892810821533
2024-02-28,3.2865779399871826
2024-02-29,3.339003086090088
2024-03-01,3.364739179611206
2024-03-04,3.361879587173462
2024-03-05,3.389521837234497
2024-03-06,3.3761775493621826
2024-03-07,3.3580667972564697
2024-03-08,3.367598533630371
2024-03-11,3.413351535797119
2024-03-12,3.4181175231933594
2024-03-13,3.3981006145477295
2024-03-14,3.385709285736084
2024-03-15,3.3942878246307373
2024-03-18,3.4238364696502686
2024-03-19,3.4019134044647217
2024-03-20,3.4047727584838867
2024-03-21,3.4028663635253906
2024-03-22,3.3733177185058594
2024-03-25,3.3552074432373047
2024-03-26,3.365692377090454
2024-03-27,3.3294713497161865
2024-03-28,3.345675468444824
2024-03-29,3.360926389694214
2024-04-01,3.4162111282348633
2024-04-02,3.4047727584838867
2024-04-03,3.3914284706115723
2024-04-08,3.363785982131958
2024-04-09,3.3580667972564697
2024-04-10,3.3332841396331787
2024-04-11,3.3304245471954346
2024-04-12,3.3037354946136475
2024-04-15,3.3733177185058594
2024-04-16,3.34281587600708
2024-04-17,3.386662483215332
2024-04-18,3.3923816680908203
2024-04-19,3.365692377090454
2024-04-22,3.3590199947357178
2024-04-23,3.335190534591675
2024-04-24,3.3485350608825684
2024-04-25,3.3580667972564697
2024-04-26,3.4057259559631348
2024-04-29,3.4467129707336426
2024-04-30,3.429555654525757
2024-05-06,3.477214813232422
2024-05-07,3.479121446609497
2024-05-08,3.451478958129883
2024-05-09,3.484840154647827
2024-05-10,3.4867467880249023
2024-05-13,3.483887195587158
2024-05-14,3.47816801071167
2024-05-15,3.453385353088379
2024-05-16,3.4648234844207764
2024-05-17,3.503904104232788
2024-05-20,3.5115294456481934
2024-05-21,3.500091075897217
2024-05-22,3.5077168941497803
2024-05-23,3.4724488258361816
2024-05-24,3.433368444442749
2024-05-27,3.4619638919830322
2024-05-28,3.4400405883789062
2024-05-29,3.4409937858581543
2024-05-30,3.4276492595672607
2024-05-31,3.414304733276367
2024-06-03,3.4190704822540283
2024-06-04,3.4429004192352295
2024-06-05,3.430508852005005
2024-06-06,3.430508852005005
2024-06-07,3.408585548400879
2024-06-11,3.384756088256836
2024-06-12,3.3809432983398438
2024-06-13,3.368551731109619
2024-06-14,3.387615442276001
2024-06-17,3.3780834674835205
2024-06-18,3.388568639755249
2024-06-19,3.3790369033813477
2024-06-20,3.3571135997772217
2024-06-21,3.3513946533203125
2024-06-24,3.335190534591675
2024-06-25,3.315173625946045
2024-06-26,3.335190534591675
2024-06-27,3.317079782485962
2024-06-28,3.3237521648406982
2024-07-01,3.337096691131592
2024-07-02,3.3323309421539307
2024-07-03,3.3266117572784424
2024-07-04,3.3123137950897217
2024-07-05,3.296109676361084
2024-07-08,3.273233413696289
2024-07-09,3.3085012435913086
2024-07-10,3.300875663757324
2024-07-11,3.344722270965576
2024-07-12,3.3542542457580566
2024-07-15,3.360926389694214
2024-07-16,3.384756088256836
2024-07-17,3.389521837234497
2024-07-18,3.409538745880127
2024-07-19,3.431462049484253
2024-07-22,3.4038197994232178
2024-07-23,3.337096691131592
2024-07-24,3.316126823425293
2024-07-25,3.297063112258911
2024-07-26,3.3113608360290527
2024-07-29,3.292297124862671
2024-07-30,3.270373821258545
2024-07-31,3.343769073486328
2024-08-01,3.319939613342285
2024-08-02,3.2856247425079346
2024-08-05,3.248450756072998
2024-08-06,3.248450756072998
2024-08-07,3.2417783737182617
2024-08-08,3.245591163635254
2024-08-09,3.2341530323028564
2024-08-12,3.230340003967285
2024-08-13,3.2351059913635254
2024-08-14,3.2122297286987305
2024-08-15,3.248450756072998
2024-08-16,3.250357151031494
2024-08-19,3.2589356899261475
2024-08-20,3.243685007095337
2024-08-21,3.229387044906616
2024-08-22,3.220808267593384
2024-08-23,3.2341530323028564
2024-08-26,3.2351059913635254
2024-08-27,3.218902111053467
2024-08-28,3.199838399887085
2024-08-29,3.1903064250946045
2024-08-30,3.2331998348236084
2024-09-02,3.176008701324463
2024-09-03,3.1874470710754395
2024-09-04,3.1674301624298096
2024-09-05,3.174102306365967
2024-09-06,3.1474132537841797
2024-09-09,3.108332633972168
2024-09-10,3.108332633972168
2024-09-11,3.1016604900360107
2024-09-12,3.0911755561828613
2024-09-13,3.0768773555755615
2024-09-18,3.086409568786621
2024-09-19,3.1121456623077393
2024-09-20,3.1207239627838135
2024-09-23,3.129302740097046
2024-09-24,3.266561269760132
2024-09-25,3.3113608360290527
2024-09-26,3.4695894718170166
2024-09-27,3.687868595123291
2024-09-30,4.03482723236084
2024-10-08,4.205447673797607
2024-10-09,3.833705425262451
2024-10-10,3.894709348678589
2024-10-11,3.7908122539520264
2024-10-14,3.850862979888916
2024-10-15,3.7469658851623535
2024-10-16,3.7231361865997314
2024-10-17,3.6821494102478027
2024-10-18,3.827986240386963
2024-10-21,3.827986240386963
2024-10-22,3.850862979888916
2024-10-23,3.8651604652404785
2024-10-24,3.823220729827881
2024-10-25,3.850862979888916
2024-10-28,3.856581926345825
2024-10-29,3.825127124786377
2024-10-30,3.785093307495117
2024-10-31,3.785093307495117
2024-11-01,3.7927188873291016
2024-11-04,3.8432374000549316
2024-11-05,3.943321704864502
2024-11-06,3.918538808822632
2024-11-07,4.0491251945495605
2024-11-08,3.997653007507324
2024-11-11,4.017670154571533
2024-11-12,3.9738235473632812
2024-11-13,3.9986066818237305
2024-11-14,3.9309303760528564
2024-11-15,3.8651604652404785
2024-11-18,3.84895658493042
2024-11-19,3.8680202960968018
2024-11-20,3.877551794052124
2024-11-21,3.8823177814483643
2024-11-22,3.7679359912872314
2024-11-25,3.7469658851623535
2024-11-26,3.739340305328369
2024-11-27,3.800344228744507
2024-11-28,3.7727017402648926
2024-11-29,3.8136887550354004
2024-12-02,3.8422844409942627
2024-12-03,3.846096992492676
2024-12-04,3.826080083847046
2024-12-05,3.8194079399108887
2024-12-06,3.8670670986175537
2024-12-09,3.8642075061798096
2024-12-10,3.893756151199341
2024-12-11,3.8842241764068604
2024-12-12,3.924258232116699
2024-12-13,3.831799268722534
2024-12-16,3.8089230060577393
2024-12-17,3.8194079399108887
2024-12-18,3.8356122970581055
2024-12-19,3.8413312435150146
2024-12-20,3.829893112182617
2024-12-23,3.833705425262451
2024-12-24,3.878504991531372
2024-12-25,3.8813648223876953
2024-12-26,3.8823177814483643
2024-12-27,3.876598834991455
2024-12-30,3.894709348678589
2024-12-31,3.833705425262451
2025-01-02,3.7259957790374756
2025-01-03,3.687868595123291
2025-01-06,3.6726176738739014
2025-01-07,3.6983537673950195
2025-01-08,3.6926345825195312
2025-01-09,3.6850087642669678
2025-01-10,3.644021987915039
2025-01-13,3.6297242641448975
2025-01-14,3.7231361865997314
2025-01-15,3.7012128829956055
2025-01-16,3.7031195163726807
2025-01-17,3.715510845184326
2025-01-20,3.73362135887146
2025-01-21,3.7383873462677
2025-01-22,3.7040724754333496
2025-01-23,3.714557647705078
2025-01-24,3.7450592517852783
2025-01-27,3.7240893840789795
2025-02-05,3.7050259113311768
2025-02-06,3.7479190826416016
2025-02-07,3.801297187805176
2025-02-10,3.805110216140747
2025-02-11,3.7898592948913574
2025-02-12,3.826080083847046
2025-02-13,3.8165483474731445
2025-02-14,3.8451437950134277
2025-02-17,3.851815938949585
2025-02-18,3.824173927307129
2025-02-19,3.8441905975341797
2025-02-20,3.832752227783203
2025-02-21,3.8842241764068604
2025-02-24,3.871832847595215
2025-02-25,3.832752227783203
2025-02-26,3.8642075061798096
2025-02-27,3.876598834991455
2025-02-28,3.807016372680664
2025-03-03,3.7946250438690186
2025-03-04,3.7908122539520264
2025-03-05,3.807016372680664
2025-03-06,3.8594412803649902
2025-03-07,3.849909782409668
2025-03-10,3.834658622741699
2025-03-11,3.846096992492676
2025-03-12,3.8365652561187744
2025-03-13,3.8175015449523926
2025-03-14,3.9137730598449707
2025-03-17,3.9023349285125732
2025-03-18,3.9109137058258057
2025-03-19,3.916633129119873
2025-03-20,3.8851778507232666
2025-03-21,3.822267532348633
2025-03-24,3.8384714126586914
2025-03-25,3.8403778076171875
2025-03-26,3.825127124786377
2025-03-27,3.8384714126586914
2025-03-28,3.8203611373901367
2025-03-31,3.7974846363067627
2025-04-01,3.7955782413482666
2025-04-02,3.7927188873291016
2025-04-03,3.7736551761627197
2025-04-07,3.5220143795013428
2025-04-08,3.5553760528564453
2025-04-09,3.589690685272217
2025-04-10,3.6497411727905273
2025-04-11,3.6602261066436768
2025-04-14,3.667851686477661
2025-04-15,3.6707112789154053
2025-04-16,3.6792895793914795
2025-04-17,3.6821494102478027
2025-04-18,3.691681146621704
2025-04-21,3.6935875415802
2025-04-22,3.6964471340179443
2025-04-23,3.7002599239349365
2025-04-24,3.7002599239349365
2025-04-25,3.7002599239349365
2025-04-28,3.6945407390594482
2025-04-29,3.687868595123291
2025-04-30,3.6850087642669678
2025-05-06,3.7202768325805664
2025-05-07,3.7431533336639404
2025-05-08,3.7650763988494873
2025-05-09,3.760310411453247
2025-05-12,3.803203821182251
2025-05-13,3.807016372680664
2025-05-14,3.8556289672851562
2025-05-15,3.823220729827881
